{"assets":{"7DBA5D5BA7953155700E2A9DEB640C3C":{"type":"texture","index":15,"assetRequest":{"type":"slide","state":"incoming","slide":"089BA29B-D28B-4320-BC0B-149CD43375E1"},"url":{"web":"assets/7DBA5D5BA7953155700E2A9DEB640C3C.png"},"width":1024,"height":768},"E68196EE3926DDAFF2AABC570EE617D0":{"type":"texture","index":14,"assetRequest":{"type":"slide","state":"outgoing","slide":"C976CD20-F807-4361-9466-96CA01BAC199"},"url":{"web":"assets/E68196EE3926DDAFF2AABC570EE617D0.png"},"width":1024,"height":768}},"events":[{"effects":[{"beginTime":0,"baseLayer":{"animations":[],"initialState":{"affineTransform":[1,0,0,1,0,0],"masksToBounds":false,"rotation":0,"scale":1,"position":{"pointX":512,"pointY":384},"width":1024,"sublayerTransform":[1,0,0,0,0,1,0,0,0,0,1,0,0,0,0,1],"contentsRect":{"y":0,"x":0,"width":1,"height":1},"opacity":1,"edgeAntialiasingMask":251658240,"height":768,"hidden":false,"anchorPoint":{"pointX":0.5,"pointY":0.5}},"objectID":"0","layers":[{"animations":[],"initialState":{"affineTransform":[1,0,0,1,0,0],"masksToBounds":false,"rotation":0,"scale":1,"position":{"pointX":512,"pointY":384},"width":1024,"sublayerTransform":[1,0,0,0,0,1,0,0,0,0,1,-0.0004922987690640373,0,0,0,1],"contentsRect":{"y":0,"x":0,"width":1,"height":1},"opacity":1,"edgeAntialiasingMask":251658240,"height":768,"hidden":false,"anchorPoint":{"pointX":0.5,"pointY":0.5}},"layers":[{"animations":[],"layers":[],"initialState":{"affineTransform":[1,0,0,1,0,0],"masksToBounds":false,"rotation":0,"scale":1,"position":{"pointX":512,"pointY":384},"width":1024,"sublayerTransform":[1,0,0,0,0,1,0,0,0,0,1,0,0,0,0,1],"contentsRect":{"y":0,"x":0,"width":1,"height":1},"opacity":1,"edgeAntialiasingMask":0,"height":768,"hidden":false,"anchorPoint":{"pointX":0.5,"pointY":0.5}},"texture":"7DBA5D5BA7953155700E2A9DEB640C3C"},{"animations":[{"timeOffset":0,"from":{"scalar":false},"beginTime":0,"repeatCount":0,"fillMode":"both","property":"hidden","autoreverses":false,"duration":0.01,"to":{"scalar":true}}],"layers":[],"initialState":{"affineTransform":[1,0,0,1,0,0],"masksToBounds":false,"rotation":0,"scale":1,"position":{"pointX":512,"pointY":384},"width":1024,"sublayerTransform":[1,0,0,0,0,1,0,0,0,0,1,0,0,0,0,1],"contentsRect":{"y":0,"x":0,"width":1,"height":1},"opacity":1,"edgeAntialiasingMask":0,"height":768,"hidden":false,"anchorPoint":{"pointX":0.5,"pointY":0.5}},"texture":"E68196EE3926DDAFF2AABC570EE617D0"}]}]},"effects":[],"duration":0.01,"type":"transition","name":"none","objectID":"0"}],"automaticPlay":false,"hyperlinks":[],"accessibility":[{"text":"2. Scan GEO studies ","targetRectangle":{"y":355.0632348060608,"x":87.08481597900391,"width":286.69921875,"height":42}},{"text":"for differential expression of ","targetRectangle":{"y":397.0632348060608,"x":87.08481597900391,"width":211.3330078125,"height":84}},{"text":"selected genes ","targetRectangle":{"y":481.0632348060608,"x":87.08481597900391,"width":217.4169921875,"height":42}},{"text":"3. A progress bar appears in the lower right while scan is running","targetRectangle":{"y":523.0632348060608,"x":87.08481597900391,"width":299.29443359375,"height":204}},{"text":"1. Select alpha","targetRectangle":{"y":226.1011199951172,"x":87.24644660949707,"width":206.2060546875,"height":42}},{"text":"Only comparisons below the selected alpha level will be considered significant.","targetRectangle":{"y":274.0632628202438,"x":643.3372192382812,"width":235.615234375,"height":72}},{"text":"Scan time depends on many factors and estimates may not be accurate.","targetRectangle":{"y":521.1825560331345,"x":646.337158203125,"width":248.76953125,"height":72}},{"text":"pasted-image.tiff","targetRectangle":{"y":631.3733730316162,"x":564.3984699249268,"width":372,"height":93.1875}},{"text":"Step 5 - Scan Selected Genes ","targetRectangle":{"y":40.00000003973643,"x":100.8713178634644,"width":842.0849609375,"height":86}},{"text":"pasted-image.tiff","targetRectangle":{"y":159.9062499117785,"x":440.4609384575388,"width":498,"height":448.1974336142248}}],"baseLayer":{"animations":[],"initialState":{"affineTransform":[1,0,0,1,0,0],"masksToBounds":false,"rotation":0,"scale":1,"position":{"pointX":512,"pointY":384},"width":1024,"sublayerTransform":[1,0,0,0,0,1,0,0,0,0,1,0,0,0,0,1],"contentsRect":{"y":0,"x":0,"width":1,"height":1},"opacity":1,"edgeAntialiasingMask":251658240,"height":768,"hidden":false,"anchorPoint":{"pointX":0.5,"pointY":0.5}},"objectID":"0","layers":[{"animations":[],"initialState":{"affineTransform":[1,0,0,1,0,0],"masksToBounds":false,"rotation":0,"scale":1,"position":{"pointX":512,"pointY":384},"width":1024,"sublayerTransform":[1,0,0,0,0,1,0,0,0,0,1,-0.0004922987690640373,0,0,0,1],"contentsRect":{"y":0,"x":0,"width":1,"height":1},"opacity":1,"edgeAntialiasingMask":251658240,"height":768,"hidden":false,"anchorPoint":{"pointX":0.5,"pointY":0.5}},"layers":[{"animations":[],"layers":[],"initialState":{"affineTransform":[1,0,0,1,0,0],"masksToBounds":false,"rotation":0,"scale":1,"position":{"pointX":512,"pointY":384},"width":1024,"sublayerTransform":[1,0,0,0,0,1,0,0,0,0,1,0,0,0,0,1],"contentsRect":{"y":0,"x":0,"width":1,"height":1},"opacity":1,"edgeAntialiasingMask":0,"height":768,"hidden":false,"anchorPoint":{"pointX":0.5,"pointY":0.5}},"texture":"E68196EE3926DDAFF2AABC570EE617D0"}]}]}}]}