{"assets":{"A2D0D5E6389D53B8B1AD241B9C7B3055":{"type":"texture","index":14,"assetRequest":{"type":"slide","state":"outgoing","slide":"C976CD20-F807-4361-9466-96CA01BAC199"},"url":{"web":"assets/A2D0D5E6389D53B8B1AD241B9C7B3055.png"},"width":1024,"height":768},"C6D06C50EFB7773238B64AE19D51BC34":{"type":"texture","index":15,"assetRequest":{"type":"slide","state":"incoming","slide":"089BA29B-D28B-4320-BC0B-149CD43375E1"},"url":{"web":"assets/C6D06C50EFB7773238B64AE19D51BC34.png"},"width":1024,"height":768}},"events":[{"effects":[{"beginTime":0,"baseLayer":{"animations":[],"initialState":{"affineTransform":[1,0,0,1,0,0],"masksToBounds":false,"rotation":0,"scale":1,"position":{"pointX":512,"pointY":384},"width":1024,"sublayerTransform":[1,0,0,0,0,1,0,0,0,0,1,0,0,0,0,1],"contentsRect":{"y":0,"x":0,"width":1,"height":1},"opacity":1,"edgeAntialiasingMask":251658240,"height":768,"hidden":false,"anchorPoint":{"pointX":0.5,"pointY":0.5}},"objectID":"0","layers":[{"animations":[],"initialState":{"affineTransform":[1,0,0,1,0,0],"masksToBounds":false,"rotation":0,"scale":1,"position":{"pointX":512,"pointY":384},"width":1024,"sublayerTransform":[1,0,0,0,0,1,0,0,0,0,1,-0.0004922987690640373,0,0,0,1],"contentsRect":{"y":0,"x":0,"width":1,"height":1},"opacity":1,"edgeAntialiasingMask":251658240,"height":768,"hidden":false,"anchorPoint":{"pointX":0.5,"pointY":0.5}},"layers":[{"animations":[],"layers":[],"initialState":{"affineTransform":[1,0,0,1,0,0],"masksToBounds":false,"rotation":0,"scale":1,"position":{"pointX":512,"pointY":384},"width":1024,"sublayerTransform":[1,0,0,0,0,1,0,0,0,0,1,0,0,0,0,1],"contentsRect":{"y":0,"x":0,"width":1,"height":1},"opacity":1,"edgeAntialiasingMask":0,"height":768,"hidden":false,"anchorPoint":{"pointX":0.5,"pointY":0.5}},"texture":"C6D06C50EFB7773238B64AE19D51BC34"},{"animations":[{"timeOffset":0,"from":{"scalar":false},"beginTime":0,"repeatCount":0,"fillMode":"both","property":"hidden","autoreverses":false,"duration":0.01,"to":{"scalar":true}}],"layers":[],"initialState":{"affineTransform":[1,0,0,1,0,0],"masksToBounds":false,"rotation":0,"scale":1,"position":{"pointX":512,"pointY":384},"width":1024,"sublayerTransform":[1,0,0,0,0,1,0,0,0,0,1,0,0,0,0,1],"contentsRect":{"y":0,"x":0,"width":1,"height":1},"opacity":1,"edgeAntialiasingMask":0,"height":768,"hidden":false,"anchorPoint":{"pointX":0.5,"pointY":0.5}},"texture":"A2D0D5E6389D53B8B1AD241B9C7B3055"}]}]},"effects":[],"duration":0.01,"type":"transition","name":"none","objectID":"0"}],"automaticPlay":false,"hyperlinks":[],"accessibility":[{"text":"pasted-image.tiff","targetRectangle":{"y":631.3733699123064,"x":564.3984538714093,"width":372,"height":93.1875}},{"text":"Only comparisons below the selected alpha level will be considered significant.","targetRectangle":{"y":274.0632523298262,"x":643.3372162977856,"width":235.615234375,"height":72}},{"text":"Step 5 - Scan Selected Genes ","targetRectangle":{"y":40.00000003973643,"x":100.8713178634644,"width":842.0849609375,"height":86}},{"text":"2. Scan GEO studies ","targetRectangle":{"y":387.9931021134059,"x":72.01744071642557,"width":327.65625,"height":49}},{"text":"for differential expression of selected genes ","targetRectangle":{"y":436.9931021134059,"x":72.01744071642557,"width":248.4765625,"height":147}},{"text":"(a progress bar will appear in the lower right while scan is running)","targetRectangle":{"y":583.9931021134059,"x":72.01744071642557,"width":335.330078125,"height":141}},{"text":"Scan time depends on many factors and estimates may not be accurate.","targetRectangle":{"y":521.1825386881828,"x":646.3371410577603,"width":248.76953125,"height":72}},{"text":"1. Select alpha","targetRectangle":{"y":222.601120154063,"x":72.51744075616196,"width":235.6640625,"height":48.99999999999997}},{"text":"pasted-image.tiff","targetRectangle":{"y":160.6726885288954,"x":440.4609538316728,"width":495.9480857849121,"height":448.2024078369141}}],"baseLayer":{"animations":[],"initialState":{"affineTransform":[1,0,0,1,0,0],"masksToBounds":false,"rotation":0,"scale":1,"position":{"pointX":512,"pointY":384},"width":1024,"sublayerTransform":[1,0,0,0,0,1,0,0,0,0,1,0,0,0,0,1],"contentsRect":{"y":0,"x":0,"width":1,"height":1},"opacity":1,"edgeAntialiasingMask":251658240,"height":768,"hidden":false,"anchorPoint":{"pointX":0.5,"pointY":0.5}},"objectID":"0","layers":[{"animations":[],"initialState":{"affineTransform":[1,0,0,1,0,0],"masksToBounds":false,"rotation":0,"scale":1,"position":{"pointX":512,"pointY":384},"width":1024,"sublayerTransform":[1,0,0,0,0,1,0,0,0,0,1,-0.0004922987690640373,0,0,0,1],"contentsRect":{"y":0,"x":0,"width":1,"height":1},"opacity":1,"edgeAntialiasingMask":251658240,"height":768,"hidden":false,"anchorPoint":{"pointX":0.5,"pointY":0.5}},"layers":[{"animations":[],"layers":[],"initialState":{"affineTransform":[1,0,0,1,0,0],"masksToBounds":false,"rotation":0,"scale":1,"position":{"pointX":512,"pointY":384},"width":1024,"sublayerTransform":[1,0,0,0,0,1,0,0,0,0,1,0,0,0,0,1],"contentsRect":{"y":0,"x":0,"width":1,"height":1},"opacity":1,"edgeAntialiasingMask":0,"height":768,"hidden":false,"anchorPoint":{"pointX":0.5,"pointY":0.5}},"texture":"A2D0D5E6389D53B8B1AD241B9C7B3055"}]}]}}]}