{"assets":{"6C370D30BB08A9752C0862F4741C3F31":{"type":"texture","index":15,"assetRequest":{"type":"slide","state":"incoming","slide":"8C59B038-F770-4D6D-917C-40DB4E401855"},"url":{"web":"assets/6C370D30BB08A9752C0862F4741C3F31.png"},"width":1024,"height":768},"29C6D615F8D4BD77D6988824B60AA731":{"type":"texture","index":14,"assetRequest":{"type":"slide","state":"outgoing","slide":"089BA29B-D28B-4320-BC0B-149CD43375E1"},"url":{"web":"assets/29C6D615F8D4BD77D6988824B60AA731.png"},"width":1024,"height":768}},"events":[{"effects":[{"beginTime":0,"baseLayer":{"animations":[],"initialState":{"affineTransform":[1,0,0,1,0,0],"masksToBounds":false,"rotation":0,"scale":1,"position":{"pointX":512,"pointY":384},"width":1024,"sublayerTransform":[1,0,0,0,0,1,0,0,0,0,1,0,0,0,0,1],"contentsRect":{"y":0,"x":0,"width":1,"height":1},"opacity":1,"edgeAntialiasingMask":251658240,"height":768,"hidden":false,"anchorPoint":{"pointX":0.5,"pointY":0.5}},"objectID":"0","layers":[{"animations":[],"initialState":{"affineTransform":[1,0,0,1,0,0],"masksToBounds":false,"rotation":0,"scale":1,"position":{"pointX":512,"pointY":384},"width":1024,"sublayerTransform":[1,0,0,0,0,1,0,0,0,0,1,-0.0004922987690640373,0,0,0,1],"contentsRect":{"y":0,"x":0,"width":1,"height":1},"opacity":1,"edgeAntialiasingMask":251658240,"height":768,"hidden":false,"anchorPoint":{"pointX":0.5,"pointY":0.5}},"layers":[{"animations":[],"layers":[],"initialState":{"affineTransform":[1,0,0,1,0,0],"masksToBounds":false,"rotation":0,"scale":1,"position":{"pointX":512,"pointY":384},"width":1024,"sublayerTransform":[1,0,0,0,0,1,0,0,0,0,1,0,0,0,0,1],"contentsRect":{"y":0,"x":0,"width":1,"height":1},"opacity":1,"edgeAntialiasingMask":0,"height":768,"hidden":false,"anchorPoint":{"pointX":0.5,"pointY":0.5}},"texture":"6C370D30BB08A9752C0862F4741C3F31"},{"animations":[{"timeOffset":0,"from":{"scalar":false},"beginTime":0,"repeatCount":0,"fillMode":"both","property":"hidden","autoreverses":false,"duration":0.01,"to":{"scalar":true}}],"layers":[],"initialState":{"affineTransform":[1,0,0,1,0,0],"masksToBounds":false,"rotation":0,"scale":1,"position":{"pointX":512,"pointY":384},"width":1024,"sublayerTransform":[1,0,0,0,0,1,0,0,0,0,1,0,0,0,0,1],"contentsRect":{"y":0,"x":0,"width":1,"height":1},"opacity":1,"edgeAntialiasingMask":0,"height":768,"hidden":false,"anchorPoint":{"pointX":0.5,"pointY":0.5}},"texture":"29C6D615F8D4BD77D6988824B60AA731"}]}]},"effects":[],"duration":0.01,"type":"transition","name":"none","objectID":"0"}],"automaticPlay":false,"hyperlinks":[],"accessibility":[{"text":"Step 4 - Download Results","targetRectangle":{"y":27.13802146911621,"x":132.654369354248,"width":756.2939453125,"height":86}},{"text":"Reset analysis settings to begin ","targetRectangle":{"y":446.9999985694885,"x":64.80134201049805,"width":278.4220994475139,"height":83.62872314453125}},{"text":"a new search","targetRectangle":{"y":530.9999985694885,"x":64.80134201049805,"width":207.0453038674033,"height":41.62872314453125}},{"text":"34.192.150.235:3838","targetRectangle":{"y":500.8081972897053,"x":687.5467541217804,"width":114.10546875,"height":13.607421875}},{"text":"pasted-image.tiff","targetRectangle":{"y":405.2791748046875,"x":583.5677490234375,"width":391.4935302734375,"height":299.3773803710938}},{"text":"pasted-image.tiff","targetRectangle":{"y":195.7225618362427,"x":470.1199493408203,"width":429.0320098724624,"height":266.90625}},{"text":"Download PDF files with box plots of all significant results as a zip file","targetRectangle":{"y":207.3654181957245,"x":64.80134201049805,"width":329.4099447513813,"height":167.6287231445312}}],"baseLayer":{"animations":[],"initialState":{"affineTransform":[1,0,0,1,0,0],"masksToBounds":false,"rotation":0,"scale":1,"position":{"pointX":512,"pointY":384},"width":1024,"sublayerTransform":[1,0,0,0,0,1,0,0,0,0,1,0,0,0,0,1],"contentsRect":{"y":0,"x":0,"width":1,"height":1},"opacity":1,"edgeAntialiasingMask":251658240,"height":768,"hidden":false,"anchorPoint":{"pointX":0.5,"pointY":0.5}},"objectID":"0","layers":[{"animations":[],"initialState":{"affineTransform":[1,0,0,1,0,0],"masksToBounds":false,"rotation":0,"scale":1,"position":{"pointX":512,"pointY":384},"width":1024,"sublayerTransform":[1,0,0,0,0,1,0,0,0,0,1,-0.0004922987690640373,0,0,0,1],"contentsRect":{"y":0,"x":0,"width":1,"height":1},"opacity":1,"edgeAntialiasingMask":251658240,"height":768,"hidden":false,"anchorPoint":{"pointX":0.5,"pointY":0.5}},"layers":[{"animations":[],"layers":[],"initialState":{"affineTransform":[1,0,0,1,0,0],"masksToBounds":false,"rotation":0,"scale":1,"position":{"pointX":512,"pointY":384},"width":1024,"sublayerTransform":[1,0,0,0,0,1,0,0,0,0,1,0,0,0,0,1],"contentsRect":{"y":0,"x":0,"width":1,"height":1},"opacity":1,"edgeAntialiasingMask":0,"height":768,"hidden":false,"anchorPoint":{"pointX":0.5,"pointY":0.5}},"texture":"29C6D615F8D4BD77D6988824B60AA731"}]}]}}]}