{"assets":{"E8ED53986409C516B4535188C7AABAC8":{"type":"texture","index":17,"assetRequest":{"type":"slide","state":"incoming","slide":"8C59B038-F770-4D6D-917C-40DB4E401855"},"url":{"web":"assets/E8ED53986409C516B4535188C7AABAC8.png"},"width":1024,"height":768},"7DBA5D5BA7953155700E2A9DEB640C3C":{"type":"texture","index":16,"assetRequest":{"type":"slide","state":"outgoing","slide":"089BA29B-D28B-4320-BC0B-149CD43375E1"},"url":{"web":"assets/7DBA5D5BA7953155700E2A9DEB640C3C.png"},"width":1024,"height":768}},"events":[{"effects":[{"beginTime":0,"baseLayer":{"animations":[],"initialState":{"affineTransform":[1,0,0,1,0,0],"masksToBounds":false,"rotation":0,"scale":1,"position":{"pointX":512,"pointY":384},"width":1024,"sublayerTransform":[1,0,0,0,0,1,0,0,0,0,1,0,0,0,0,1],"contentsRect":{"y":0,"x":0,"width":1,"height":1},"opacity":1,"edgeAntialiasingMask":251658240,"height":768,"hidden":false,"anchorPoint":{"pointX":0.5,"pointY":0.5}},"objectID":"0","layers":[{"animations":[],"initialState":{"affineTransform":[1,0,0,1,0,0],"masksToBounds":false,"rotation":0,"scale":1,"position":{"pointX":512,"pointY":384},"width":1024,"sublayerTransform":[1,0,0,0,0,1,0,0,0,0,1,-0.0004922987690640373,0,0,0,1],"contentsRect":{"y":0,"x":0,"width":1,"height":1},"opacity":1,"edgeAntialiasingMask":251658240,"height":768,"hidden":false,"anchorPoint":{"pointX":0.5,"pointY":0.5}},"layers":[{"animations":[],"layers":[],"initialState":{"affineTransform":[1,0,0,1,0,0],"masksToBounds":false,"rotation":0,"scale":1,"position":{"pointX":512,"pointY":384},"width":1024,"sublayerTransform":[1,0,0,0,0,1,0,0,0,0,1,0,0,0,0,1],"contentsRect":{"y":0,"x":0,"width":1,"height":1},"opacity":1,"edgeAntialiasingMask":0,"height":768,"hidden":false,"anchorPoint":{"pointX":0.5,"pointY":0.5}},"texture":"E8ED53986409C516B4535188C7AABAC8"},{"animations":[{"timeOffset":0,"from":{"scalar":false},"beginTime":0,"repeatCount":0,"fillMode":"both","property":"hidden","autoreverses":false,"duration":0.01,"to":{"scalar":true}}],"layers":[],"initialState":{"affineTransform":[1,0,0,1,0,0],"masksToBounds":false,"rotation":0,"scale":1,"position":{"pointX":512,"pointY":384},"width":1024,"sublayerTransform":[1,0,0,0,0,1,0,0,0,0,1,0,0,0,0,1],"contentsRect":{"y":0,"x":0,"width":1,"height":1},"opacity":1,"edgeAntialiasingMask":0,"height":768,"hidden":false,"anchorPoint":{"pointX":0.5,"pointY":0.5}},"texture":"7DBA5D5BA7953155700E2A9DEB640C3C"}]}]},"effects":[],"duration":0.01,"type":"transition","name":"none","objectID":"0"}],"automaticPlay":false,"hyperlinks":[],"accessibility":[{"text":"Download all scan results as a ZIP file","targetRectangle":{"y":284.1797819137573,"x":61.90508270263672,"width":302.65625,"height":98}},{"text":"34.192.150.235:3838","targetRectangle":{"y":498.5549013912678,"x":684.8992168903351,"width":114.10546875,"height":13.607421875}},{"text":"Reset analysis settings to begin ","targetRectangle":{"y":441.3143334388733,"x":64.80134201049805,"width":276.23046875,"height":98}},{"text":"a new search","targetRectangle":{"y":539.3143334388733,"x":64.80134201049805,"width":212.55859375,"height":49}},{"text":"pasted-image.tiff","targetRectangle":{"y":402.6125183105469,"x":582.5064697265625,"width":391.4935302734375,"height":299.3773803710938}},{"text":"Step 6 - Download Results","targetRectangle":{"y":27.13802146911621,"x":132.654369354248,"width":756.2939453125,"height":86}},{"text":"pasted-image.tiff","targetRectangle":{"y":195.7225618362427,"x":470.1199493408203,"width":429.0320098724624,"height":266.90625}}],"baseLayer":{"animations":[],"initialState":{"affineTransform":[1,0,0,1,0,0],"masksToBounds":false,"rotation":0,"scale":1,"position":{"pointX":512,"pointY":384},"width":1024,"sublayerTransform":[1,0,0,0,0,1,0,0,0,0,1,0,0,0,0,1],"contentsRect":{"y":0,"x":0,"width":1,"height":1},"opacity":1,"edgeAntialiasingMask":251658240,"height":768,"hidden":false,"anchorPoint":{"pointX":0.5,"pointY":0.5}},"objectID":"0","layers":[{"animations":[],"initialState":{"affineTransform":[1,0,0,1,0,0],"masksToBounds":false,"rotation":0,"scale":1,"position":{"pointX":512,"pointY":384},"width":1024,"sublayerTransform":[1,0,0,0,0,1,0,0,0,0,1,-0.0004922987690640373,0,0,0,1],"contentsRect":{"y":0,"x":0,"width":1,"height":1},"opacity":1,"edgeAntialiasingMask":251658240,"height":768,"hidden":false,"anchorPoint":{"pointX":0.5,"pointY":0.5}},"layers":[{"animations":[],"layers":[],"initialState":{"affineTransform":[1,0,0,1,0,0],"masksToBounds":false,"rotation":0,"scale":1,"position":{"pointX":512,"pointY":384},"width":1024,"sublayerTransform":[1,0,0,0,0,1,0,0,0,0,1,0,0,0,0,1],"contentsRect":{"y":0,"x":0,"width":1,"height":1},"opacity":1,"edgeAntialiasingMask":0,"height":768,"hidden":false,"anchorPoint":{"pointX":0.5,"pointY":0.5}},"texture":"7DBA5D5BA7953155700E2A9DEB640C3C"}]}]}}]}