{"assets":{"EF3CBB8152B98A30812187767B89E6E8":{"type":"texture","index":2,"assetRequest":{"type":"slide","state":"outgoing","slide":"B25B5BDD-8811-463A-97EE-C6D1C02D10A0"},"url":{"web":"assets/EF3CBB8152B98A30812187767B89E6E8.png"},"width":1024,"height":768},"CEB2E9253E4D4B53B05AD4A434B720D1":{"type":"texture","index":3,"assetRequest":{"type":"slide","state":"incoming","slide":"8DA16F6C-A0D1-42DF-85C5-915FD46AC64B"},"url":{"web":"assets/CEB2E9253E4D4B53B05AD4A434B720D1.png"},"width":1024,"height":768}},"events":[{"effects":[{"beginTime":0,"baseLayer":{"animations":[],"initialState":{"affineTransform":[1,0,0,1,0,0],"masksToBounds":false,"rotation":0,"scale":1,"position":{"pointX":512,"pointY":384},"width":1024,"sublayerTransform":[1,0,0,0,0,1,0,0,0,0,1,0,0,0,0,1],"contentsRect":{"y":0,"x":0,"width":1,"height":1},"opacity":1,"edgeAntialiasingMask":251658240,"height":768,"hidden":false,"anchorPoint":{"pointX":0.5,"pointY":0.5}},"objectID":"0","layers":[{"animations":[],"initialState":{"affineTransform":[1,0,0,1,0,0],"masksToBounds":false,"rotation":0,"scale":1,"position":{"pointX":512,"pointY":384},"width":1024,"sublayerTransform":[1,0,0,0,0,1,0,0,0,0,1,-0.0004922987690640373,0,0,0,1],"contentsRect":{"y":0,"x":0,"width":1,"height":1},"opacity":1,"edgeAntialiasingMask":251658240,"height":768,"hidden":false,"anchorPoint":{"pointX":0.5,"pointY":0.5}},"layers":[{"animations":[],"layers":[],"initialState":{"affineTransform":[1,0,0,1,0,0],"masksToBounds":false,"rotation":0,"scale":1,"position":{"pointX":512,"pointY":384},"width":1024,"sublayerTransform":[1,0,0,0,0,1,0,0,0,0,1,0,0,0,0,1],"contentsRect":{"y":0,"x":0,"width":1,"height":1},"opacity":1,"edgeAntialiasingMask":0,"height":768,"hidden":false,"anchorPoint":{"pointX":0.5,"pointY":0.5}},"texture":"CEB2E9253E4D4B53B05AD4A434B720D1"},{"animations":[{"timeOffset":0,"from":{"scalar":false},"beginTime":0,"repeatCount":0,"fillMode":"both","property":"hidden","autoreverses":false,"duration":0.01,"to":{"scalar":true}}],"layers":[],"initialState":{"affineTransform":[1,0,0,1,0,0],"masksToBounds":false,"rotation":0,"scale":1,"position":{"pointX":512,"pointY":384},"width":1024,"sublayerTransform":[1,0,0,0,0,1,0,0,0,0,1,0,0,0,0,1],"contentsRect":{"y":0,"x":0,"width":1,"height":1},"opacity":1,"edgeAntialiasingMask":0,"height":768,"hidden":false,"anchorPoint":{"pointX":0.5,"pointY":0.5}},"texture":"EF3CBB8152B98A30812187767B89E6E8"}]}]},"effects":[],"duration":0.01,"type":"transition","name":"none","objectID":"0"}],"automaticPlay":false,"hyperlinks":[],"accessibility":[{"text":"ScanGEO Highlights","targetRectangle":{"y":52.99999992052715,"x":230.20556640625,"width":563.5888671875,"height":86.00000000000001}},{"text":"A simple, user friendly Shiny app that searches for differentially expressed genes across multiple NCBI gene expression omnibus (GEO) data sets","targetRectangle":{"y":196,"x":98.55000066757202,"width":855.9087890625001,"height":135}},{"text":"Search can be limited to a particular keyword","targetRectangle":{"y":331,"x":98.55000066757202,"width":680.2986328124998,"height":63.60000014305115}},{"text":"Uses a custom list of genes and/or a KEGG pathway to be tested for differential gene expression","targetRectangle":{"y":394.6000001430511,"x":98.55000066757202,"width":867.7154296875001,"height":108.6000001430511}},{"text":"Outputs include summary tables of all selected GEO data sets, significant genes and studies, PDF files with plots of differentially expressed genes, and CSV files with expression values, greatest fold-change and p-values","targetRectangle":{"y":503.2000002861023,"x":98.55000066757202,"width":865.0089843750001,"height":198.6000001430511}}],"baseLayer":{"animations":[],"initialState":{"affineTransform":[1,0,0,1,0,0],"masksToBounds":false,"rotation":0,"scale":1,"position":{"pointX":512,"pointY":384},"width":1024,"sublayerTransform":[1,0,0,0,0,1,0,0,0,0,1,0,0,0,0,1],"contentsRect":{"y":0,"x":0,"width":1,"height":1},"opacity":1,"edgeAntialiasingMask":251658240,"height":768,"hidden":false,"anchorPoint":{"pointX":0.5,"pointY":0.5}},"objectID":"0","layers":[{"animations":[],"initialState":{"affineTransform":[1,0,0,1,0,0],"masksToBounds":false,"rotation":0,"scale":1,"position":{"pointX":512,"pointY":384},"width":1024,"sublayerTransform":[1,0,0,0,0,1,0,0,0,0,1,-0.0004922987690640373,0,0,0,1],"contentsRect":{"y":0,"x":0,"width":1,"height":1},"opacity":1,"edgeAntialiasingMask":251658240,"height":768,"hidden":false,"anchorPoint":{"pointX":0.5,"pointY":0.5}},"layers":[{"animations":[],"layers":[],"initialState":{"affineTransform":[1,0,0,1,0,0],"masksToBounds":false,"rotation":0,"scale":1,"position":{"pointX":512,"pointY":384},"width":1024,"sublayerTransform":[1,0,0,0,0,1,0,0,0,0,1,0,0,0,0,1],"contentsRect":{"y":0,"x":0,"width":1,"height":1},"opacity":1,"edgeAntialiasingMask":0,"height":768,"hidden":false,"anchorPoint":{"pointX":0.5,"pointY":0.5}},"texture":"EF3CBB8152B98A30812187767B89E6E8"}]}]}}]}