{"assets":{"CEB2E9253E4D4B53B05AD4A434B720D1":{"type":"texture","index":4,"assetRequest":{"type":"slide","state":"outgoing","slide":"8DA16F6C-A0D1-42DF-85C5-915FD46AC64B"},"url":{"web":"assets/CEB2E9253E4D4B53B05AD4A434B720D1.png"},"width":1024,"height":768},"8AB66242B5E99911BC9E1E3B8BE750EB":{"type":"texture","index":5,"assetRequest":{"type":"slide","state":"incoming","slide":"B9C6387B-574E-4272-9104-6413AD6AA65A"},"url":{"web":"assets/8AB66242B5E99911BC9E1E3B8BE750EB.png"},"width":1024,"height":768}},"events":[{"effects":[{"beginTime":0,"baseLayer":{"animations":[],"initialState":{"affineTransform":[1,0,0,1,0,0],"masksToBounds":false,"rotation":0,"scale":1,"position":{"pointX":512,"pointY":384},"width":1024,"sublayerTransform":[1,0,0,0,0,1,0,0,0,0,1,0,0,0,0,1],"contentsRect":{"y":0,"x":0,"width":1,"height":1},"opacity":1,"edgeAntialiasingMask":251658240,"height":768,"hidden":false,"anchorPoint":{"pointX":0.5,"pointY":0.5}},"objectID":"0","layers":[{"animations":[],"initialState":{"affineTransform":[1,0,0,1,0,0],"masksToBounds":false,"rotation":0,"scale":1,"position":{"pointX":512,"pointY":384},"width":1024,"sublayerTransform":[1,0,0,0,0,1,0,0,0,0,1,-0.0004922987690640373,0,0,0,1],"contentsRect":{"y":0,"x":0,"width":1,"height":1},"opacity":1,"edgeAntialiasingMask":251658240,"height":768,"hidden":false,"anchorPoint":{"pointX":0.5,"pointY":0.5}},"layers":[{"animations":[],"layers":[],"initialState":{"affineTransform":[1,0,0,1,0,0],"masksToBounds":false,"rotation":0,"scale":1,"position":{"pointX":512,"pointY":384},"width":1024,"sublayerTransform":[1,0,0,0,0,1,0,0,0,0,1,0,0,0,0,1],"contentsRect":{"y":0,"x":0,"width":1,"height":1},"opacity":1,"edgeAntialiasingMask":0,"height":768,"hidden":false,"anchorPoint":{"pointX":0.5,"pointY":0.5}},"texture":"8AB66242B5E99911BC9E1E3B8BE750EB"},{"animations":[{"timeOffset":0,"from":{"scalar":false},"beginTime":0,"repeatCount":0,"fillMode":"both","property":"hidden","autoreverses":false,"duration":0.01,"to":{"scalar":true}}],"layers":[],"initialState":{"affineTransform":[1,0,0,1,0,0],"masksToBounds":false,"rotation":0,"scale":1,"position":{"pointX":512,"pointY":384},"width":1024,"sublayerTransform":[1,0,0,0,0,1,0,0,0,0,1,0,0,0,0,1],"contentsRect":{"y":0,"x":0,"width":1,"height":1},"opacity":1,"edgeAntialiasingMask":0,"height":768,"hidden":false,"anchorPoint":{"pointX":0.5,"pointY":0.5}},"texture":"CEB2E9253E4D4B53B05AD4A434B720D1"}]}]},"effects":[],"duration":0.01,"type":"transition","name":"none","objectID":"0"}],"automaticPlay":false,"hyperlinks":[],"accessibility":[{"text":"ScanGEO App Flowchart","targetRectangle":{"y":38.99999996026357,"x":163.4697265625,"width":697.060546875,"height":86}},{"text":"Summary tables with # of significant genes and studies","targetRectangle":{"y":566.560302734375,"x":44.72982406616211,"width":293.748046875,"height":132}},{"text":"Specify genes and/or KEGG pathway","targetRectangle":{"y":436.1460571289062,"x":247.8711090087891,"width":528.2578125,"height":44}},{"text":"  CSV files with expression values, p-values & max FC","targetRectangle":{"y":566.560302734375,"x":702.7575073242188,"width":274.5703125,"height":132}},{"text":"Enter keyword","targetRectangle":{"y":304.7318115234375,"x":403.0967559814453,"width":211.11328125,"height":44}},{"text":"  PDF files with dot plots of significant genes","targetRectangle":{"y":566.560302734375,"x":375.892578125,"width":280.353515625,"height":132}},{"text":"Select organism","targetRectangle":{"y":171.1763916015625,"x":396.6874847412109,"width":230.625,"height":44}}],"baseLayer":{"animations":[],"initialState":{"affineTransform":[1,0,0,1,0,0],"masksToBounds":false,"rotation":0,"scale":1,"position":{"pointX":512,"pointY":384},"width":1024,"sublayerTransform":[1,0,0,0,0,1,0,0,0,0,1,0,0,0,0,1],"contentsRect":{"y":0,"x":0,"width":1,"height":1},"opacity":1,"edgeAntialiasingMask":251658240,"height":768,"hidden":false,"anchorPoint":{"pointX":0.5,"pointY":0.5}},"objectID":"0","layers":[{"animations":[],"initialState":{"affineTransform":[1,0,0,1,0,0],"masksToBounds":false,"rotation":0,"scale":1,"position":{"pointX":512,"pointY":384},"width":1024,"sublayerTransform":[1,0,0,0,0,1,0,0,0,0,1,-0.0004922987690640373,0,0,0,1],"contentsRect":{"y":0,"x":0,"width":1,"height":1},"opacity":1,"edgeAntialiasingMask":251658240,"height":768,"hidden":false,"anchorPoint":{"pointX":0.5,"pointY":0.5}},"layers":[{"animations":[],"layers":[],"initialState":{"affineTransform":[1,0,0,1,0,0],"masksToBounds":false,"rotation":0,"scale":1,"position":{"pointX":512,"pointY":384},"width":1024,"sublayerTransform":[1,0,0,0,0,1,0,0,0,0,1,0,0,0,0,1],"contentsRect":{"y":0,"x":0,"width":1,"height":1},"opacity":1,"edgeAntialiasingMask":0,"height":768,"hidden":false,"anchorPoint":{"pointX":0.5,"pointY":0.5}},"texture":"CEB2E9253E4D4B53B05AD4A434B720D1"}]}]}}]}