{"assets":{"79DE0AF085C6942C3BF4740520C743AB":{"type":"texture","index":4,"assetRequest":{"type":"slide","state":"outgoing","slide":"8DA16F6C-A0D1-42DF-85C5-915FD46AC64B"},"url":{"web":"assets/79DE0AF085C6942C3BF4740520C743AB.png"},"width":1024,"height":768},"F9F465AAC3D092D7CE24C50375436F62":{"type":"texture","index":5,"assetRequest":{"type":"slide","state":"incoming","slide":"B9C6387B-574E-4272-9104-6413AD6AA65A"},"url":{"web":"assets/F9F465AAC3D092D7CE24C50375436F62.png"},"width":1024,"height":768}},"events":[{"effects":[{"beginTime":0,"baseLayer":{"animations":[],"initialState":{"affineTransform":[1,0,0,1,0,0],"masksToBounds":false,"rotation":0,"scale":1,"position":{"pointX":512,"pointY":384},"width":1024,"sublayerTransform":[1,0,0,0,0,1,0,0,0,0,1,0,0,0,0,1],"contentsRect":{"y":0,"x":0,"width":1,"height":1},"opacity":1,"edgeAntialiasingMask":251658240,"height":768,"hidden":false,"anchorPoint":{"pointX":0.5,"pointY":0.5}},"objectID":"0","layers":[{"animations":[],"initialState":{"affineTransform":[1,0,0,1,0,0],"masksToBounds":false,"rotation":0,"scale":1,"position":{"pointX":512,"pointY":384},"width":1024,"sublayerTransform":[1,0,0,0,0,1,0,0,0,0,1,-0.0004922987690640373,0,0,0,1],"contentsRect":{"y":0,"x":0,"width":1,"height":1},"opacity":1,"edgeAntialiasingMask":251658240,"height":768,"hidden":false,"anchorPoint":{"pointX":0.5,"pointY":0.5}},"layers":[{"animations":[],"layers":[],"initialState":{"affineTransform":[1,0,0,1,0,0],"masksToBounds":false,"rotation":0,"scale":1,"position":{"pointX":512,"pointY":384},"width":1024,"sublayerTransform":[1,0,0,0,0,1,0,0,0,0,1,0,0,0,0,1],"contentsRect":{"y":0,"x":0,"width":1,"height":1},"opacity":1,"edgeAntialiasingMask":0,"height":768,"hidden":false,"anchorPoint":{"pointX":0.5,"pointY":0.5}},"texture":"F9F465AAC3D092D7CE24C50375436F62"},{"animations":[{"timeOffset":0,"from":{"scalar":false},"beginTime":0,"repeatCount":0,"fillMode":"both","property":"hidden","autoreverses":false,"duration":0.01,"to":{"scalar":true}}],"layers":[],"initialState":{"affineTransform":[1,0,0,1,0,0],"masksToBounds":false,"rotation":0,"scale":1,"position":{"pointX":512,"pointY":384},"width":1024,"sublayerTransform":[1,0,0,0,0,1,0,0,0,0,1,0,0,0,0,1],"contentsRect":{"y":0,"x":0,"width":1,"height":1},"opacity":1,"edgeAntialiasingMask":0,"height":768,"hidden":false,"anchorPoint":{"pointX":0.5,"pointY":0.5}},"texture":"79DE0AF085C6942C3BF4740520C743AB"}]}]},"effects":[],"duration":0.01,"type":"transition","name":"none","objectID":"0"}],"automaticPlay":false,"hyperlinks":[],"accessibility":[{"text":"ScanGEO App Flowchart","targetRectangle":{"y":38.99999996026357,"x":163.4697265625,"width":697.060546875,"height":86}},{"text":"Enter keyword","targetRectangle":{"y":317.2708435058594,"x":203.662841796875,"width":211.11328125,"height":44}},{"text":"Specify genes and/or","targetRectangle":{"y":454,"x":156.245849609375,"width":305.947265625,"height":44}},{"text":"KEGG pathway","targetRectangle":{"y":498,"x":202.133544921875,"width":214.171875,"height":44}},{"text":"Summary table of  GEO data sets with selected properties","targetRectangle":{"y":267.2760620117188,"x":629.6731567382812,"width":286.6552734375,"height":132}},{"text":"Select organism","targetRectangle":{"y":178.921875,"x":193.906982421875,"width":230.625,"height":44}},{"text":"  PDF files with dot plots of significant genes","targetRectangle":{"y":622.90625,"x":152.0468902587891,"width":640.828125,"height":44}},{"text":"  CSV files with expression values + p-value summary","targetRectangle":{"y":692.0807251930241,"x":152.0468902389208,"width":764.15625,"height":44}}],"baseLayer":{"animations":[],"initialState":{"affineTransform":[1,0,0,1,0,0],"masksToBounds":false,"rotation":0,"scale":1,"position":{"pointX":512,"pointY":384},"width":1024,"sublayerTransform":[1,0,0,0,0,1,0,0,0,0,1,0,0,0,0,1],"contentsRect":{"y":0,"x":0,"width":1,"height":1},"opacity":1,"edgeAntialiasingMask":251658240,"height":768,"hidden":false,"anchorPoint":{"pointX":0.5,"pointY":0.5}},"objectID":"0","layers":[{"animations":[],"initialState":{"affineTransform":[1,0,0,1,0,0],"masksToBounds":false,"rotation":0,"scale":1,"position":{"pointX":512,"pointY":384},"width":1024,"sublayerTransform":[1,0,0,0,0,1,0,0,0,0,1,-0.0004922987690640373,0,0,0,1],"contentsRect":{"y":0,"x":0,"width":1,"height":1},"opacity":1,"edgeAntialiasingMask":251658240,"height":768,"hidden":false,"anchorPoint":{"pointX":0.5,"pointY":0.5}},"layers":[{"animations":[],"layers":[],"initialState":{"affineTransform":[1,0,0,1,0,0],"masksToBounds":false,"rotation":0,"scale":1,"position":{"pointX":512,"pointY":384},"width":1024,"sublayerTransform":[1,0,0,0,0,1,0,0,0,0,1,0,0,0,0,1],"contentsRect":{"y":0,"x":0,"width":1,"height":1},"opacity":1,"edgeAntialiasingMask":0,"height":768,"hidden":false,"anchorPoint":{"pointX":0.5,"pointY":0.5}},"texture":"79DE0AF085C6942C3BF4740520C743AB"}]}]}}]}