{"assets":{"BDC51A4724A67543C002077C21204FCE":{"type":"texture","index":0,"assetRequest":{"type":"slide","state":"outgoing","slide":"306DE3D7-7447-44EA-AA5C-9492BDCE3815"},"url":{"web":"assets/BDC51A4724A67543C002077C21204FCE.png"},"width":1024,"height":768},"66B66C752581A5096E90727AAF6C567B":{"type":"texture","index":1,"assetRequest":{"type":"slide","state":"incoming","slide":"B25B5BDD-8811-463A-97EE-C6D1C02D10A0"},"url":{"web":"assets/66B66C752581A5096E90727AAF6C567B.png"},"width":1024,"height":768}},"events":[{"effects":[{"beginTime":0,"baseLayer":{"animations":[],"initialState":{"affineTransform":[1,0,0,1,0,0],"masksToBounds":false,"rotation":0,"scale":1,"position":{"pointX":512,"pointY":384},"width":1024,"sublayerTransform":[1,0,0,0,0,1,0,0,0,0,1,0,0,0,0,1],"contentsRect":{"y":0,"x":0,"width":1,"height":1},"opacity":1,"edgeAntialiasingMask":251658240,"height":768,"hidden":false,"anchorPoint":{"pointX":0.5,"pointY":0.5}},"objectID":"0","layers":[{"animations":[],"initialState":{"affineTransform":[1,0,0,1,0,0],"masksToBounds":false,"rotation":0,"scale":1,"position":{"pointX":512,"pointY":384},"width":1024,"sublayerTransform":[1,0,0,0,0,1,0,0,0,0,1,-0.0004922987690640373,0,0,0,1],"contentsRect":{"y":0,"x":0,"width":1,"height":1},"opacity":1,"edgeAntialiasingMask":251658240,"height":768,"hidden":false,"anchorPoint":{"pointX":0.5,"pointY":0.5}},"layers":[{"animations":[],"layers":[],"initialState":{"affineTransform":[1,0,0,1,0,0],"masksToBounds":false,"rotation":0,"scale":1,"position":{"pointX":512,"pointY":384},"width":1024,"sublayerTransform":[1,0,0,0,0,1,0,0,0,0,1,0,0,0,0,1],"contentsRect":{"y":0,"x":0,"width":1,"height":1},"opacity":1,"edgeAntialiasingMask":0,"height":768,"hidden":false,"anchorPoint":{"pointX":0.5,"pointY":0.5}},"texture":"66B66C752581A5096E90727AAF6C567B"},{"animations":[{"timeOffset":0,"from":{"scalar":false},"beginTime":0,"repeatCount":0,"fillMode":"both","property":"hidden","autoreverses":false,"duration":0.01,"to":{"scalar":true}}],"layers":[],"initialState":{"affineTransform":[1,0,0,1,0,0],"masksToBounds":false,"rotation":0,"scale":1,"position":{"pointX":512,"pointY":384},"width":1024,"sublayerTransform":[1,0,0,0,0,1,0,0,0,0,1,0,0,0,0,1],"contentsRect":{"y":0,"x":0,"width":1,"height":1},"opacity":1,"edgeAntialiasingMask":0,"height":768,"hidden":false,"anchorPoint":{"pointX":0.5,"pointY":0.5}},"texture":"BDC51A4724A67543C002077C21204FCE"}]}]},"effects":[],"duration":0.01,"type":"transition","name":"none","objectID":"0"}],"automaticPlay":false,"hyperlinks":[],"accessibility":[{"text":"O","targetRectangle":{"y":185.8771741390228,"x":197.9415640234947,"width":32.67599999999999,"height":49.78170776367188}},{"text":"Documentation for ScanGEO Shiny App ","targetRectangle":{"y":619.8265991210938,"x":69.66666412353516,"width":641.73828125,"height":49}},{"text":"pasted-image.pdf","targetRectangle":{"y":572.9329833984375,"x":840.0516967773438,"width":129.8408508300781,"height":152.1734619140625}},{"text":"parallel mining of high-throughput gene expression data","targetRectangle":{"y":210.3072814941406,"x":421.6666564941406,"width":526.74375,"height":112.8000044822693}},{"text":"ScanGEO","targetRectangle":{"y":70.33904647827148,"x":421.6666564941406,"width":258.9794921875,"height":86}},{"text":"E","targetRectangle":{"y":155.2680253982544,"x":139.9173992872238,"width":53.39099999999999,"height":111}},{"text":"pasted-image.tif","targetRectangle":{"y":52.34684753417969,"x":65.66666412353516,"width":326.4242858886719,"height":316.8423461914062}},{"text":"Katja Koeppen, Bruce A. Stanton, Thomas H. Hampton","targetRectangle":{"y":433.9526062011719,"x":69.66666412353516,"width":873.28125,"height":49}},{"text":"The Geisel School of Medicine at Dartmouth","targetRectangle":{"y":482.9526062011719,"x":69.66666412353516,"width":710.52734375,"height":49}},{"text":"G","targetRectangle":{"y":-13.1531400680542,"x":86.00695466995239,"width":217.2119140625,"height":427}}],"baseLayer":{"animations":[],"initialState":{"affineTransform":[1,0,0,1,0,0],"masksToBounds":false,"rotation":0,"scale":1,"position":{"pointX":512,"pointY":384},"width":1024,"sublayerTransform":[1,0,0,0,0,1,0,0,0,0,1,0,0,0,0,1],"contentsRect":{"y":0,"x":0,"width":1,"height":1},"opacity":1,"edgeAntialiasingMask":251658240,"height":768,"hidden":false,"anchorPoint":{"pointX":0.5,"pointY":0.5}},"objectID":"0","layers":[{"animations":[],"initialState":{"affineTransform":[1,0,0,1,0,0],"masksToBounds":false,"rotation":0,"scale":1,"position":{"pointX":512,"pointY":384},"width":1024,"sublayerTransform":[1,0,0,0,0,1,0,0,0,0,1,-0.0004922987690640373,0,0,0,1],"contentsRect":{"y":0,"x":0,"width":1,"height":1},"opacity":1,"edgeAntialiasingMask":251658240,"height":768,"hidden":false,"anchorPoint":{"pointX":0.5,"pointY":0.5}},"layers":[{"animations":[],"layers":[],"initialState":{"affineTransform":[1,0,0,1,0,0],"masksToBounds":false,"rotation":0,"scale":1,"position":{"pointX":512,"pointY":384},"width":1024,"sublayerTransform":[1,0,0,0,0,1,0,0,0,0,1,0,0,0,0,1],"contentsRect":{"y":0,"x":0,"width":1,"height":1},"opacity":1,"edgeAntialiasingMask":0,"height":768,"hidden":false,"anchorPoint":{"pointX":0.5,"pointY":0.5}},"texture":"BDC51A4724A67543C002077C21204FCE"}]}]}}]}