{"assets":{"3E9488061C66FE15CB93E4E3B49F8DA6":{"type":"texture","index":18,"assetRequest":{"type":"slide","state":"outgoing","slide":"0ED50AF7-0707-4D79-8E23-10ED4A886FC6"},"url":{"web":"assets/3E9488061C66FE15CB93E4E3B49F8DA6.png"},"width":1024,"height":768},"DD74A8C8ECA7FDADDDC97E1BCC4CA97A":{"type":"texture","index":19,"assetRequest":{"type":"slide","state":"incoming","slide":"13B607B4-7DB3-4E5B-A3DD-0CBF7138FEEE"},"url":{"web":"assets/DD74A8C8ECA7FDADDDC97E1BCC4CA97A.png"},"width":1024,"height":768}},"events":[{"effects":[{"beginTime":0,"baseLayer":{"animations":[],"initialState":{"affineTransform":[1,0,0,1,0,0],"masksToBounds":false,"rotation":0,"scale":1,"position":{"pointX":512,"pointY":384},"width":1024,"sublayerTransform":[1,0,0,0,0,1,0,0,0,0,1,0,0,0,0,1],"contentsRect":{"y":0,"x":0,"width":1,"height":1},"opacity":1,"edgeAntialiasingMask":251658240,"height":768,"hidden":false,"anchorPoint":{"pointX":0.5,"pointY":0.5}},"objectID":"0","layers":[{"animations":[],"initialState":{"affineTransform":[1,0,0,1,0,0],"masksToBounds":false,"rotation":0,"scale":1,"position":{"pointX":512,"pointY":384},"width":1024,"sublayerTransform":[1,0,0,0,0,1,0,0,0,0,1,-0.0004922987690640373,0,0,0,1],"contentsRect":{"y":0,"x":0,"width":1,"height":1},"opacity":1,"edgeAntialiasingMask":251658240,"height":768,"hidden":false,"anchorPoint":{"pointX":0.5,"pointY":0.5}},"layers":[{"animations":[],"layers":[],"initialState":{"affineTransform":[1,0,0,1,0,0],"masksToBounds":false,"rotation":0,"scale":1,"position":{"pointX":512,"pointY":384},"width":1024,"sublayerTransform":[1,0,0,0,0,1,0,0,0,0,1,0,0,0,0,1],"contentsRect":{"y":0,"x":0,"width":1,"height":1},"opacity":1,"edgeAntialiasingMask":0,"height":768,"hidden":false,"anchorPoint":{"pointX":0.5,"pointY":0.5}},"texture":"DD74A8C8ECA7FDADDDC97E1BCC4CA97A"},{"animations":[{"timeOffset":0,"from":{"scalar":false},"beginTime":0,"repeatCount":0,"fillMode":"both","property":"hidden","autoreverses":false,"duration":0.01,"to":{"scalar":true}}],"layers":[],"initialState":{"affineTransform":[1,0,0,1,0,0],"masksToBounds":false,"rotation":0,"scale":1,"position":{"pointX":512,"pointY":384},"width":1024,"sublayerTransform":[1,0,0,0,0,1,0,0,0,0,1,0,0,0,0,1],"contentsRect":{"y":0,"x":0,"width":1,"height":1},"opacity":1,"edgeAntialiasingMask":0,"height":768,"hidden":false,"anchorPoint":{"pointX":0.5,"pointY":0.5}},"texture":"3E9488061C66FE15CB93E4E3B49F8DA6"}]}]},"effects":[],"duration":0.01,"type":"transition","name":"none","objectID":"0"}],"automaticPlay":false,"hyperlinks":[],"accessibility":[{"text":"pasted-image.tiff","targetRectangle":{"y":453.1776733398438,"x":504.1915893554688,"width":477.2286376953125,"height":194.220947265625}},{"text":"pasted-image.tiff","targetRectangle":{"y":183.2616119384766,"x":504.1915893554688,"width":477.2286376953125,"height":252.9091796875}},{"text":"The selected genes were not differentially expressed in any of the selected studies at the chosen alpha level.","targetRectangle":{"y":467.8109760284424,"x":769.7764282226562,"width":191.865234375,"height":120}},{"text":"Status Messages","targetRectangle":{"y":27.13802146911621,"x":271.509349822998,"width":478.583984375,"height":86}},{"text":"Make sure to select at least one gene or a KEGG pathway.","targetRectangle":{"y":508.1707762479782,"x":260.0584106445312,"width":183.291015625,"height":72}},{"text":"pasted-image.tiff","targetRectangle":{"y":183.2616052627563,"x":51.85528469085693,"width":406.421424961125,"height":464.1279602050781}},{"text":"At least one of the selected genes was differentially expressed in any of the selected studies and there are downloadable results.","targetRectangle":{"y":205.5009779930115,"x":764.86083984375,"width":192.783203125,"height":144}}],"baseLayer":{"animations":[],"initialState":{"affineTransform":[1,0,0,1,0,0],"masksToBounds":false,"rotation":0,"scale":1,"position":{"pointX":512,"pointY":384},"width":1024,"sublayerTransform":[1,0,0,0,0,1,0,0,0,0,1,0,0,0,0,1],"contentsRect":{"y":0,"x":0,"width":1,"height":1},"opacity":1,"edgeAntialiasingMask":251658240,"height":768,"hidden":false,"anchorPoint":{"pointX":0.5,"pointY":0.5}},"objectID":"0","layers":[{"animations":[],"initialState":{"affineTransform":[1,0,0,1,0,0],"masksToBounds":false,"rotation":0,"scale":1,"position":{"pointX":512,"pointY":384},"width":1024,"sublayerTransform":[1,0,0,0,0,1,0,0,0,0,1,-0.0004922987690640373,0,0,0,1],"contentsRect":{"y":0,"x":0,"width":1,"height":1},"opacity":1,"edgeAntialiasingMask":251658240,"height":768,"hidden":false,"anchorPoint":{"pointX":0.5,"pointY":0.5}},"layers":[{"animations":[],"layers":[],"initialState":{"affineTransform":[1,0,0,1,0,0],"masksToBounds":false,"rotation":0,"scale":1,"position":{"pointX":512,"pointY":384},"width":1024,"sublayerTransform":[1,0,0,0,0,1,0,0,0,0,1,0,0,0,0,1],"contentsRect":{"y":0,"x":0,"width":1,"height":1},"opacity":1,"edgeAntialiasingMask":0,"height":768,"hidden":false,"anchorPoint":{"pointX":0.5,"pointY":0.5}},"texture":"3E9488061C66FE15CB93E4E3B49F8DA6"}]}]}}]}