{"assets":{"DD74A8C8ECA7FDADDDC97E1BCC4CA97A":{"type":"texture","index":27,"assetRequest":{"type":"slide","state":"incoming","slide":"13B607B4-7DB3-4E5B-A3DD-0CBF7138FEEE"},"url":{"web":"assets/DD74A8C8ECA7FDADDDC97E1BCC4CA97A.png"},"width":1024,"height":768},"CAE44E24245964CF14BC63A79F797C44":{"type":"texture","index":26,"assetRequest":{"type":"slide","state":"outgoing","slide":"0ED50AF7-0707-4D79-8E23-10ED4A886FC6"},"url":{"web":"assets/CAE44E24245964CF14BC63A79F797C44.png"},"width":1024,"height":768}},"events":[{"effects":[{"beginTime":0,"baseLayer":{"animations":[],"initialState":{"affineTransform":[1,0,0,1,0,0],"masksToBounds":false,"rotation":0,"scale":1,"position":{"pointX":512,"pointY":384},"width":1024,"sublayerTransform":[1,0,0,0,0,1,0,0,0,0,1,0,0,0,0,1],"contentsRect":{"y":0,"x":0,"width":1,"height":1},"opacity":1,"edgeAntialiasingMask":251658240,"height":768,"hidden":false,"anchorPoint":{"pointX":0.5,"pointY":0.5}},"objectID":"0","layers":[{"animations":[],"initialState":{"affineTransform":[1,0,0,1,0,0],"masksToBounds":false,"rotation":0,"scale":1,"position":{"pointX":512,"pointY":384},"width":1024,"sublayerTransform":[1,0,0,0,0,1,0,0,0,0,1,-0.0004922987690640373,0,0,0,1],"contentsRect":{"y":0,"x":0,"width":1,"height":1},"opacity":1,"edgeAntialiasingMask":251658240,"height":768,"hidden":false,"anchorPoint":{"pointX":0.5,"pointY":0.5}},"layers":[{"animations":[],"layers":[],"initialState":{"affineTransform":[1,0,0,1,0,0],"masksToBounds":false,"rotation":0,"scale":1,"position":{"pointX":512,"pointY":384},"width":1024,"sublayerTransform":[1,0,0,0,0,1,0,0,0,0,1,0,0,0,0,1],"contentsRect":{"y":0,"x":0,"width":1,"height":1},"opacity":1,"edgeAntialiasingMask":0,"height":768,"hidden":false,"anchorPoint":{"pointX":0.5,"pointY":0.5}},"texture":"DD74A8C8ECA7FDADDDC97E1BCC4CA97A"},{"animations":[{"timeOffset":0,"from":{"scalar":false},"beginTime":0,"repeatCount":0,"fillMode":"both","property":"hidden","autoreverses":false,"duration":0.01,"to":{"scalar":true}}],"layers":[],"initialState":{"affineTransform":[1,0,0,1,0,0],"masksToBounds":false,"rotation":0,"scale":1,"position":{"pointX":512,"pointY":384},"width":1024,"sublayerTransform":[1,0,0,0,0,1,0,0,0,0,1,0,0,0,0,1],"contentsRect":{"y":0,"x":0,"width":1,"height":1},"opacity":1,"edgeAntialiasingMask":0,"height":768,"hidden":false,"anchorPoint":{"pointX":0.5,"pointY":0.5}},"texture":"CAE44E24245964CF14BC63A79F797C44"}]}]},"effects":[],"duration":0.01,"type":"transition","name":"none","objectID":"0"}],"automaticPlay":false,"hyperlinks":[],"accessibility":[{"text":"Make sure to select at least one gene or a KEGG pathway.","targetRectangle":{"y":455.8398436307907,"x":270.9756774902344,"width":183.291015625,"height":72}},{"text":"pasted-image.tiff","targetRectangle":{"y":191.1014556884766,"x":520.4119262695312,"width":451.7084655761719,"height":239.3846740722656}},{"text":"pasted-image.tiff","targetRectangle":{"y":191.1014556884766,"x":51.62870227806343,"width":446.9788470884669,"height":443.1875}},{"text":"The selected genes were not differentially expressed in any of the selected studies at the chosen alpha level.","targetRectangle":{"y":460.4495868682861,"x":770,"width":191.865234375,"height":120}},{"text":"At least one of the selected genes was differentially expressed and there are downloadable results.","targetRectangle":{"y":225.3408222198486,"x":754.9154663085938,"width":192.783203125,"height":120}},{"text":"Status Messages","targetRectangle":{"y":27.13802146911621,"x":271.509349822998,"width":478.583984375,"height":86}},{"text":"pasted-image.tiff","targetRectangle":{"y":450.83984375,"x":521.610595703125,"width":450.7606811523438,"height":183.4491119384766}}],"baseLayer":{"animations":[],"initialState":{"affineTransform":[1,0,0,1,0,0],"masksToBounds":false,"rotation":0,"scale":1,"position":{"pointX":512,"pointY":384},"width":1024,"sublayerTransform":[1,0,0,0,0,1,0,0,0,0,1,0,0,0,0,1],"contentsRect":{"y":0,"x":0,"width":1,"height":1},"opacity":1,"edgeAntialiasingMask":251658240,"height":768,"hidden":false,"anchorPoint":{"pointX":0.5,"pointY":0.5}},"objectID":"0","layers":[{"animations":[],"initialState":{"affineTransform":[1,0,0,1,0,0],"masksToBounds":false,"rotation":0,"scale":1,"position":{"pointX":512,"pointY":384},"width":1024,"sublayerTransform":[1,0,0,0,0,1,0,0,0,0,1,-0.0004922987690640373,0,0,0,1],"contentsRect":{"y":0,"x":0,"width":1,"height":1},"opacity":1,"edgeAntialiasingMask":251658240,"height":768,"hidden":false,"anchorPoint":{"pointX":0.5,"pointY":0.5}},"layers":[{"animations":[],"layers":[],"initialState":{"affineTransform":[1,0,0,1,0,0],"masksToBounds":false,"rotation":0,"scale":1,"position":{"pointX":512,"pointY":384},"width":1024,"sublayerTransform":[1,0,0,0,0,1,0,0,0,0,1,0,0,0,0,1],"contentsRect":{"y":0,"x":0,"width":1,"height":1},"opacity":1,"edgeAntialiasingMask":0,"height":768,"hidden":false,"anchorPoint":{"pointX":0.5,"pointY":0.5}},"texture":"CAE44E24245964CF14BC63A79F797C44"}]}]}}]}