{"assets":{"F9F465AAC3D092D7CE24C50375436F62":{"type":"texture","index":6,"assetRequest":{"type":"slide","state":"outgoing","slide":"B9C6387B-574E-4272-9104-6413AD6AA65A"},"url":{"web":"assets/F9F465AAC3D092D7CE24C50375436F62.png"},"width":1024,"height":768},"FDEBFF992EA33EDFFA3360F2AA27203F":{"type":"texture","index":7,"assetRequest":{"type":"slide","state":"incoming","slide":"DD44EABF-BC26-4681-919D-ECD09B1FF040"},"url":{"web":"assets/FDEBFF992EA33EDFFA3360F2AA27203F.png"},"width":1024,"height":768}},"events":[{"effects":[{"beginTime":0,"baseLayer":{"animations":[],"initialState":{"affineTransform":[1,0,0,1,0,0],"masksToBounds":false,"rotation":0,"scale":1,"position":{"pointX":512,"pointY":384},"width":1024,"sublayerTransform":[1,0,0,0,0,1,0,0,0,0,1,0,0,0,0,1],"contentsRect":{"y":0,"x":0,"width":1,"height":1},"opacity":1,"edgeAntialiasingMask":251658240,"height":768,"hidden":false,"anchorPoint":{"pointX":0.5,"pointY":0.5}},"objectID":"0","layers":[{"animations":[],"initialState":{"affineTransform":[1,0,0,1,0,0],"masksToBounds":false,"rotation":0,"scale":1,"position":{"pointX":512,"pointY":384},"width":1024,"sublayerTransform":[1,0,0,0,0,1,0,0,0,0,1,-0.0004922987690640373,0,0,0,1],"contentsRect":{"y":0,"x":0,"width":1,"height":1},"opacity":1,"edgeAntialiasingMask":251658240,"height":768,"hidden":false,"anchorPoint":{"pointX":0.5,"pointY":0.5}},"layers":[{"animations":[],"layers":[],"initialState":{"affineTransform":[1,0,0,1,0,0],"masksToBounds":false,"rotation":0,"scale":1,"position":{"pointX":512,"pointY":384},"width":1024,"sublayerTransform":[1,0,0,0,0,1,0,0,0,0,1,0,0,0,0,1],"contentsRect":{"y":0,"x":0,"width":1,"height":1},"opacity":1,"edgeAntialiasingMask":0,"height":768,"hidden":false,"anchorPoint":{"pointX":0.5,"pointY":0.5}},"texture":"FDEBFF992EA33EDFFA3360F2AA27203F"},{"animations":[{"timeOffset":0,"from":{"scalar":false},"beginTime":0,"repeatCount":0,"fillMode":"both","property":"hidden","autoreverses":false,"duration":0.01,"to":{"scalar":true}}],"layers":[],"initialState":{"affineTransform":[1,0,0,1,0,0],"masksToBounds":false,"rotation":0,"scale":1,"position":{"pointX":512,"pointY":384},"width":1024,"sublayerTransform":[1,0,0,0,0,1,0,0,0,0,1,0,0,0,0,1],"contentsRect":{"y":0,"x":0,"width":1,"height":1},"opacity":1,"edgeAntialiasingMask":0,"height":768,"hidden":false,"anchorPoint":{"pointX":0.5,"pointY":0.5}},"texture":"F9F465AAC3D092D7CE24C50375436F62"}]}]},"effects":[],"duration":0.01,"type":"transition","name":"none","objectID":"0"}],"automaticPlay":false,"hyperlinks":[],"accessibility":[{"text":"3. Find matching ","targetRectangle":{"y":572.5036969184878,"x":52.26471565167111,"width":277.6953125,"height":49}},{"text":"    data sets","targetRectangle":{"y":621.5036969184878,"x":42.72174690167111,"width":181.46484375,"height":49}},{"text":"1. Select organism","targetRectangle":{"y":318.3952703873315,"x":38.75886106491095,"width":295.6640625,"height":49}},{"text":"Step 1 - Select Studies","targetRectangle":{"y":53.00000007947286,"x":193.66748046875,"width":636.6650390625,"height":86}},{"text":"pasted-image.tiff","targetRectangle":{"y":216.881778771575,"x":426.353393609923,"width":558.9823578611686,"height":488.7339858112646}},{"text":"2. Enter keyword","targetRectangle":{"y":412.4494860966999,"x":43.09592676162731,"width":273.984375,"height":49}},{"text":"  (optional, limited ","targetRectangle":{"y":461.4494860966999,"x":68.60618066787731,"width":229.74609375,"height":37}},{"text":"     to one search term)","targetRectangle":{"y":498.4494860966999,"x":43.08127832412731,"width":274.013671875,"height":37.00000000000006}}],"baseLayer":{"animations":[],"initialState":{"affineTransform":[1,0,0,1,0,0],"masksToBounds":false,"rotation":0,"scale":1,"position":{"pointX":512,"pointY":384},"width":1024,"sublayerTransform":[1,0,0,0,0,1,0,0,0,0,1,0,0,0,0,1],"contentsRect":{"y":0,"x":0,"width":1,"height":1},"opacity":1,"edgeAntialiasingMask":251658240,"height":768,"hidden":false,"anchorPoint":{"pointX":0.5,"pointY":0.5}},"objectID":"0","layers":[{"animations":[],"initialState":{"affineTransform":[1,0,0,1,0,0],"masksToBounds":false,"rotation":0,"scale":1,"position":{"pointX":512,"pointY":384},"width":1024,"sublayerTransform":[1,0,0,0,0,1,0,0,0,0,1,-0.0004922987690640373,0,0,0,1],"contentsRect":{"y":0,"x":0,"width":1,"height":1},"opacity":1,"edgeAntialiasingMask":251658240,"height":768,"hidden":false,"anchorPoint":{"pointX":0.5,"pointY":0.5}},"layers":[{"animations":[],"layers":[],"initialState":{"affineTransform":[1,0,0,1,0,0],"masksToBounds":false,"rotation":0,"scale":1,"position":{"pointX":512,"pointY":384},"width":1024,"sublayerTransform":[1,0,0,0,0,1,0,0,0,0,1,0,0,0,0,1],"contentsRect":{"y":0,"x":0,"width":1,"height":1},"opacity":1,"edgeAntialiasingMask":0,"height":768,"hidden":false,"anchorPoint":{"pointX":0.5,"pointY":0.5}},"texture":"F9F465AAC3D092D7CE24C50375436F62"}]}]}}]}