{"assets":{"AAA78F72810640364B5A43DDFE30C8C6":{"type":"texture","index":7,"assetRequest":{"type":"slide","state":"incoming","slide":"DD44EABF-BC26-4681-919D-ECD09B1FF040"},"url":{"web":"assets/AAA78F72810640364B5A43DDFE30C8C6.png"},"width":1024,"height":768},"23BA7E692072004D98E436F7CD08D150":{"type":"texture","index":6,"assetRequest":{"type":"slide","state":"outgoing","slide":"B9C6387B-574E-4272-9104-6413AD6AA65A"},"url":{"web":"assets/23BA7E692072004D98E436F7CD08D150.png"},"width":1024,"height":768}},"events":[{"effects":[{"beginTime":0,"baseLayer":{"animations":[],"initialState":{"affineTransform":[1,0,0,1,0,0],"masksToBounds":false,"rotation":0,"scale":1,"position":{"pointX":512,"pointY":384},"width":1024,"sublayerTransform":[1,0,0,0,0,1,0,0,0,0,1,0,0,0,0,1],"contentsRect":{"y":0,"x":0,"width":1,"height":1},"opacity":1,"edgeAntialiasingMask":251658240,"height":768,"hidden":false,"anchorPoint":{"pointX":0.5,"pointY":0.5}},"objectID":"0","layers":[{"animations":[],"initialState":{"affineTransform":[1,0,0,1,0,0],"masksToBounds":false,"rotation":0,"scale":1,"position":{"pointX":512,"pointY":384},"width":1024,"sublayerTransform":[1,0,0,0,0,1,0,0,0,0,1,-0.0004922987690640373,0,0,0,1],"contentsRect":{"y":0,"x":0,"width":1,"height":1},"opacity":1,"edgeAntialiasingMask":251658240,"height":768,"hidden":false,"anchorPoint":{"pointX":0.5,"pointY":0.5}},"layers":[{"animations":[],"layers":[],"initialState":{"affineTransform":[1,0,0,1,0,0],"masksToBounds":false,"rotation":0,"scale":1,"position":{"pointX":512,"pointY":384},"width":1024,"sublayerTransform":[1,0,0,0,0,1,0,0,0,0,1,0,0,0,0,1],"contentsRect":{"y":0,"x":0,"width":1,"height":1},"opacity":1,"edgeAntialiasingMask":0,"height":768,"hidden":false,"anchorPoint":{"pointX":0.5,"pointY":0.5}},"texture":"AAA78F72810640364B5A43DDFE30C8C6"},{"animations":[{"timeOffset":0,"from":{"scalar":false},"beginTime":0,"repeatCount":0,"fillMode":"both","property":"hidden","autoreverses":false,"duration":0.01,"to":{"scalar":true}}],"layers":[],"initialState":{"affineTransform":[1,0,0,1,0,0],"masksToBounds":false,"rotation":0,"scale":1,"position":{"pointX":512,"pointY":384},"width":1024,"sublayerTransform":[1,0,0,0,0,1,0,0,0,0,1,0,0,0,0,1],"contentsRect":{"y":0,"x":0,"width":1,"height":1},"opacity":1,"edgeAntialiasingMask":0,"height":768,"hidden":false,"anchorPoint":{"pointX":0.5,"pointY":0.5}},"texture":"23BA7E692072004D98E436F7CD08D150"}]}]},"effects":[],"duration":0.01,"type":"transition","name":"none","objectID":"0"}],"automaticPlay":false,"hyperlinks":[],"accessibility":[{"text":"pasted-image.tiff","targetRectangle":{"y":203.3974018096924,"x":438.7291698455811,"width":544.5,"height":458.4375}},{"text":"3. Find matching ","targetRectangle":{"y":574.2061456441879,"x":47.34888856318774,"width":285.0740331491713,"height":41.62872314453125}},{"text":"    data sets","targetRectangle":{"y":616.2061456441879,"x":32.92623662948608,"width":198.8154696132597,"height":41.62872314453125}},{"text":"Step 1 - Filter Your Search","targetRectangle":{"y":53.00000007947286,"x":142.09033203125,"width":739.8193359375,"height":86}},{"text":"1. Select organism","targetRectangle":{"y":251.7475588321686,"x":43.01738977432251,"width":289.4055248618786,"height":41.62872314453125}},{"text":"2. Enter keyword","targetRectangle":{"y":377.762011051178,"x":43.83176753376065,"width":272.5127071823205,"height":41.62872314453125}},{"text":"  (optional, limited ","targetRectangle":{"y":419.762011051178,"x":57.44723714702033,"width":256.220994475138,"height":33.70828247070312}},{"text":"     to one search term)","targetRectangle":{"y":453.762011051178,"x":27.75331449508667,"width":304.6696132596684,"height":33.70828247070312}}],"baseLayer":{"animations":[],"initialState":{"affineTransform":[1,0,0,1,0,0],"masksToBounds":false,"rotation":0,"scale":1,"position":{"pointX":512,"pointY":384},"width":1024,"sublayerTransform":[1,0,0,0,0,1,0,0,0,0,1,0,0,0,0,1],"contentsRect":{"y":0,"x":0,"width":1,"height":1},"opacity":1,"edgeAntialiasingMask":251658240,"height":768,"hidden":false,"anchorPoint":{"pointX":0.5,"pointY":0.5}},"objectID":"0","layers":[{"animations":[],"initialState":{"affineTransform":[1,0,0,1,0,0],"masksToBounds":false,"rotation":0,"scale":1,"position":{"pointX":512,"pointY":384},"width":1024,"sublayerTransform":[1,0,0,0,0,1,0,0,0,0,1,-0.0004922987690640373,0,0,0,1],"contentsRect":{"y":0,"x":0,"width":1,"height":1},"opacity":1,"edgeAntialiasingMask":251658240,"height":768,"hidden":false,"anchorPoint":{"pointX":0.5,"pointY":0.5}},"layers":[{"animations":[],"layers":[],"initialState":{"affineTransform":[1,0,0,1,0,0],"masksToBounds":false,"rotation":0,"scale":1,"position":{"pointX":512,"pointY":384},"width":1024,"sublayerTransform":[1,0,0,0,0,1,0,0,0,0,1,0,0,0,0,1],"contentsRect":{"y":0,"x":0,"width":1,"height":1},"opacity":1,"edgeAntialiasingMask":0,"height":768,"hidden":false,"anchorPoint":{"pointX":0.5,"pointY":0.5}},"texture":"23BA7E692072004D98E436F7CD08D150"}]}]}}]}