{"assets":{"16631872EAA7130BD33BD6CD629FA5CC":{"type":"texture","index":7,"assetRequest":{"type":"slide","state":"incoming","slide":"DD44EABF-BC26-4681-919D-ECD09B1FF040"},"url":{"web":"assets/16631872EAA7130BD33BD6CD629FA5CC.png"},"width":1024,"height":768},"8AB66242B5E99911BC9E1E3B8BE750EB":{"type":"texture","index":6,"assetRequest":{"type":"slide","state":"outgoing","slide":"B9C6387B-574E-4272-9104-6413AD6AA65A"},"url":{"web":"assets/8AB66242B5E99911BC9E1E3B8BE750EB.png"},"width":1024,"height":768}},"events":[{"effects":[{"beginTime":0,"baseLayer":{"animations":[],"initialState":{"affineTransform":[1,0,0,1,0,0],"masksToBounds":false,"rotation":0,"scale":1,"position":{"pointX":512,"pointY":384},"width":1024,"sublayerTransform":[1,0,0,0,0,1,0,0,0,0,1,0,0,0,0,1],"contentsRect":{"y":0,"x":0,"width":1,"height":1},"opacity":1,"edgeAntialiasingMask":251658240,"height":768,"hidden":false,"anchorPoint":{"pointX":0.5,"pointY":0.5}},"objectID":"0","layers":[{"animations":[],"initialState":{"affineTransform":[1,0,0,1,0,0],"masksToBounds":false,"rotation":0,"scale":1,"position":{"pointX":512,"pointY":384},"width":1024,"sublayerTransform":[1,0,0,0,0,1,0,0,0,0,1,-0.0004922987690640373,0,0,0,1],"contentsRect":{"y":0,"x":0,"width":1,"height":1},"opacity":1,"edgeAntialiasingMask":251658240,"height":768,"hidden":false,"anchorPoint":{"pointX":0.5,"pointY":0.5}},"layers":[{"animations":[],"layers":[],"initialState":{"affineTransform":[1,0,0,1,0,0],"masksToBounds":false,"rotation":0,"scale":1,"position":{"pointX":512,"pointY":384},"width":1024,"sublayerTransform":[1,0,0,0,0,1,0,0,0,0,1,0,0,0,0,1],"contentsRect":{"y":0,"x":0,"width":1,"height":1},"opacity":1,"edgeAntialiasingMask":0,"height":768,"hidden":false,"anchorPoint":{"pointX":0.5,"pointY":0.5}},"texture":"16631872EAA7130BD33BD6CD629FA5CC"},{"animations":[{"timeOffset":0,"from":{"scalar":false},"beginTime":0,"repeatCount":0,"fillMode":"both","property":"hidden","autoreverses":false,"duration":0.01,"to":{"scalar":true}}],"layers":[],"initialState":{"affineTransform":[1,0,0,1,0,0],"masksToBounds":false,"rotation":0,"scale":1,"position":{"pointX":512,"pointY":384},"width":1024,"sublayerTransform":[1,0,0,0,0,1,0,0,0,0,1,0,0,0,0,1],"contentsRect":{"y":0,"x":0,"width":1,"height":1},"opacity":1,"edgeAntialiasingMask":0,"height":768,"hidden":false,"anchorPoint":{"pointX":0.5,"pointY":0.5}},"texture":"8AB66242B5E99911BC9E1E3B8BE750EB"}]}]},"effects":[],"duration":0.01,"type":"transition","name":"none","objectID":"0"}],"automaticPlay":false,"hyperlinks":[],"accessibility":[{"text":"Step 1 - Select Studies","targetRectangle":{"y":53.00000007947286,"x":193.66748046875,"width":636.6650390625,"height":86}},{"text":"2. Enter keyword","targetRectangle":{"y":412.4494962692261,"x":43.0959267616272,"width":273.984375,"height":49}},{"text":"  (optional, limited ","targetRectangle":{"y":461.4494962692261,"x":68.6061806678772,"width":229.74609375,"height":37}},{"text":"     to one search term)","targetRectangle":{"y":498.4494962692261,"x":43.0812783241272,"width":274.013671875,"height":37}},{"text":"1. Select organism","targetRectangle":{"y":318.3952640295029,"x":38.75886487960815,"width":295.6640625,"height":49}},{"text":"pasted-image.tiff","targetRectangle":{"y":216.881778717041,"x":426.3533962438669,"width":558.9823578611686,"height":488.7340166886206}},{"text":"3. Find matching ","targetRectangle":{"y":572.5037260055542,"x":52.26471948623657,"width":277.6953125,"height":49}},{"text":"    data sets","targetRectangle":{"y":621.5037260055542,"x":42.72175073623657,"width":181.46484375,"height":49}}],"baseLayer":{"animations":[],"initialState":{"affineTransform":[1,0,0,1,0,0],"masksToBounds":false,"rotation":0,"scale":1,"position":{"pointX":512,"pointY":384},"width":1024,"sublayerTransform":[1,0,0,0,0,1,0,0,0,0,1,0,0,0,0,1],"contentsRect":{"y":0,"x":0,"width":1,"height":1},"opacity":1,"edgeAntialiasingMask":251658240,"height":768,"hidden":false,"anchorPoint":{"pointX":0.5,"pointY":0.5}},"objectID":"0","layers":[{"animations":[],"initialState":{"affineTransform":[1,0,0,1,0,0],"masksToBounds":false,"rotation":0,"scale":1,"position":{"pointX":512,"pointY":384},"width":1024,"sublayerTransform":[1,0,0,0,0,1,0,0,0,0,1,-0.0004922987690640373,0,0,0,1],"contentsRect":{"y":0,"x":0,"width":1,"height":1},"opacity":1,"edgeAntialiasingMask":251658240,"height":768,"hidden":false,"anchorPoint":{"pointX":0.5,"pointY":0.5}},"layers":[{"animations":[],"layers":[],"initialState":{"affineTransform":[1,0,0,1,0,0],"masksToBounds":false,"rotation":0,"scale":1,"position":{"pointX":512,"pointY":384},"width":1024,"sublayerTransform":[1,0,0,0,0,1,0,0,0,0,1,0,0,0,0,1],"contentsRect":{"y":0,"x":0,"width":1,"height":1},"opacity":1,"edgeAntialiasingMask":0,"height":768,"hidden":false,"anchorPoint":{"pointX":0.5,"pointY":0.5}},"texture":"8AB66242B5E99911BC9E1E3B8BE750EB"}]}]}}]}