{"autoplayTransitionDelay":5,"author":"","timestamp":"2017-33-19 16:4:9","loopSlideshow":0,"filename":"Scan GEO Documentation.key","autoplayBuildDelay":2,"comment":"","title":"Scan GEO Documentation.key","showMode":0,"creator":"Apple Keynote 6.6.2","slideList":["306DE3D7-7447-44EA-AA5C-9492BDCE3815","B25B5BDD-8811-463A-97EE-C6D1C02D10A0","8DA16F6C-A0D1-42DF-85C5-915FD46AC64B","B9C6387B-574E-4272-9104-6413AD6AA65A","DD44EABF-BC26-4681-919D-ECD09B1FF040","513E0B7B-B020-4922-929B-8F372C23BE1B","DB8023EB-28AF-4E1E-AAF9-38345CED124B","C976CD20-F807-4361-9466-96CA01BAC199","089BA29B-D28B-4320-BC0B-149CD43375E1","8C59B038-F770-4D6D-917C-40DB4E401855","8A0FBAD4-D871-45DF-B17F-AD433602458A","0ED50AF7-0707-4D79-8E23-10ED4A886FC6","13B607B4-7DB3-4E5B-A3DD-0CBF7138FEEE"],"soundtrack":{"mode":0,"volume":1},"slideWidth":1024,"slideHeight":768,"slideCount":13,"majorVersion":1,"minorVersion":2,"fonts":["HelveticaNeue-Bold","Calibri-Italic","Calibri","Herculanum","Helvetica","Arial-BoldMT","Helvetica-Bold","ZapfDingbatsITC","Candara","Calibri-Bold"]}