{"assets":{"8A19ADF129A228ACF92C672AA4E9A9A2":{"type":"texture","index":12,"assetRequest":{"type":"slide","state":"outgoing","slide":"DB8023EB-28AF-4E1E-AAF9-38345CED124B"},"url":{"web":"assets/8A19ADF129A228ACF92C672AA4E9A9A2.png"},"width":1024,"height":768},"E68196EE3926DDAFF2AABC570EE617D0":{"type":"texture","index":13,"assetRequest":{"type":"slide","state":"incoming","slide":"C976CD20-F807-4361-9466-96CA01BAC199"},"url":{"web":"assets/E68196EE3926DDAFF2AABC570EE617D0.png"},"width":1024,"height":768}},"events":[{"effects":[{"beginTime":0,"baseLayer":{"animations":[],"initialState":{"affineTransform":[1,0,0,1,0,0],"masksToBounds":false,"rotation":0,"scale":1,"position":{"pointX":512,"pointY":384},"width":1024,"sublayerTransform":[1,0,0,0,0,1,0,0,0,0,1,0,0,0,0,1],"contentsRect":{"y":0,"x":0,"width":1,"height":1},"opacity":1,"edgeAntialiasingMask":251658240,"height":768,"hidden":false,"anchorPoint":{"pointX":0.5,"pointY":0.5}},"objectID":"0","layers":[{"animations":[],"initialState":{"affineTransform":[1,0,0,1,0,0],"masksToBounds":false,"rotation":0,"scale":1,"position":{"pointX":512,"pointY":384},"width":1024,"sublayerTransform":[1,0,0,0,0,1,0,0,0,0,1,-0.0004922987690640373,0,0,0,1],"contentsRect":{"y":0,"x":0,"width":1,"height":1},"opacity":1,"edgeAntialiasingMask":251658240,"height":768,"hidden":false,"anchorPoint":{"pointX":0.5,"pointY":0.5}},"layers":[{"animations":[],"layers":[],"initialState":{"affineTransform":[1,0,0,1,0,0],"masksToBounds":false,"rotation":0,"scale":1,"position":{"pointX":512,"pointY":384},"width":1024,"sublayerTransform":[1,0,0,0,0,1,0,0,0,0,1,0,0,0,0,1],"contentsRect":{"y":0,"x":0,"width":1,"height":1},"opacity":1,"edgeAntialiasingMask":0,"height":768,"hidden":false,"anchorPoint":{"pointX":0.5,"pointY":0.5}},"texture":"E68196EE3926DDAFF2AABC570EE617D0"},{"animations":[{"timeOffset":0,"from":{"scalar":false},"beginTime":0,"repeatCount":0,"fillMode":"both","property":"hidden","autoreverses":false,"duration":0.01,"to":{"scalar":true}}],"layers":[],"initialState":{"affineTransform":[1,0,0,1,0,0],"masksToBounds":false,"rotation":0,"scale":1,"position":{"pointX":512,"pointY":384},"width":1024,"sublayerTransform":[1,0,0,0,0,1,0,0,0,0,1,0,0,0,0,1],"contentsRect":{"y":0,"x":0,"width":1,"height":1},"opacity":1,"edgeAntialiasingMask":0,"height":768,"hidden":false,"anchorPoint":{"pointX":0.5,"pointY":0.5}},"texture":"8A19ADF129A228ACF92C672AA4E9A9A2"}]}]},"effects":[],"duration":0.01,"type":"transition","name":"none","objectID":"0"}],"automaticPlay":false,"hyperlinks":[],"accessibility":[{"text":"File upload","targetRectangle":{"y":468.5000001192093,"x":38.1806640625,"width":178.1640625,"height":49}},{"text":"pasted-image.tiff","targetRectangle":{"y":185.682300567627,"x":325.84375,"width":653.375,"height":454.65625}},{"text":"Multiple genes can be selected.","targetRectangle":{"y":278.1822836399078,"x":684.484130859375,"width":255.556640625,"height":24}},{"text":"Start typing a gene symbol, then select genes from the pulldown menu so that they appear in a grey box.","targetRectangle":{"y":302.1822836399078,"x":684.484130859375,"width":233.28125,"height":96}},{"text":"Select genes","targetRectangle":{"y":311.5000014305115,"x":38.1806640625,"width":201.6796875,"height":49}},{"text":"(pull-down menu ","targetRectangle":{"y":360.5000014305115,"x":38.1806640625,"width":187.3955078125,"height":32}},{"text":"with choices appears ","targetRectangle":{"y":392.5000014305115,"x":38.1806640625,"width":226.94140625,"height":32}},{"text":"as you start typing)","targetRectangle":{"y":424.5000014305115,"x":38.1806640625,"width":201.474609375,"height":32}},{"text":"CSV file with a maximum of 200 species-specific gene symbols in the first column can be uploaded.","targetRectangle":{"y":515.6471583843231,"x":684.484130859375,"width":255.654296875,"height":96}},{"text":"Step 4 - Select Custom Genes ","targetRectangle":{"y":40.00000003973643,"x":93.93284130096436,"width":855.9619140625,"height":86}}],"baseLayer":{"animations":[],"initialState":{"affineTransform":[1,0,0,1,0,0],"masksToBounds":false,"rotation":0,"scale":1,"position":{"pointX":512,"pointY":384},"width":1024,"sublayerTransform":[1,0,0,0,0,1,0,0,0,0,1,0,0,0,0,1],"contentsRect":{"y":0,"x":0,"width":1,"height":1},"opacity":1,"edgeAntialiasingMask":251658240,"height":768,"hidden":false,"anchorPoint":{"pointX":0.5,"pointY":0.5}},"objectID":"0","layers":[{"animations":[],"initialState":{"affineTransform":[1,0,0,1,0,0],"masksToBounds":false,"rotation":0,"scale":1,"position":{"pointX":512,"pointY":384},"width":1024,"sublayerTransform":[1,0,0,0,0,1,0,0,0,0,1,-0.0004922987690640373,0,0,0,1],"contentsRect":{"y":0,"x":0,"width":1,"height":1},"opacity":1,"edgeAntialiasingMask":251658240,"height":768,"hidden":false,"anchorPoint":{"pointX":0.5,"pointY":0.5}},"layers":[{"animations":[],"layers":[],"initialState":{"affineTransform":[1,0,0,1,0,0],"masksToBounds":false,"rotation":0,"scale":1,"position":{"pointX":512,"pointY":384},"width":1024,"sublayerTransform":[1,0,0,0,0,1,0,0,0,0,1,0,0,0,0,1],"contentsRect":{"y":0,"x":0,"width":1,"height":1},"opacity":1,"edgeAntialiasingMask":0,"height":768,"hidden":false,"anchorPoint":{"pointX":0.5,"pointY":0.5}},"texture":"8A19ADF129A228ACF92C672AA4E9A9A2"}]}]}}]}