{"assets":{"2B5FED41F4D25F4EB4F2D0DE23C0019A":{"type":"texture","index":13,"assetRequest":{"type":"slide","state":"incoming","slide":"C976CD20-F807-4361-9466-96CA01BAC199"},"url":{"web":"assets/2B5FED41F4D25F4EB4F2D0DE23C0019A.png"},"width":1024,"height":768},"E99A756424CD74881E8A27F6D6864C54":{"type":"texture","index":12,"assetRequest":{"type":"slide","state":"outgoing","slide":"DB8023EB-28AF-4E1E-AAF9-38345CED124B"},"url":{"web":"assets/E99A756424CD74881E8A27F6D6864C54.png"},"width":1024,"height":768}},"events":[{"effects":[{"beginTime":0,"baseLayer":{"animations":[],"initialState":{"affineTransform":[1,0,0,1,0,0],"masksToBounds":false,"rotation":0,"scale":1,"position":{"pointX":512,"pointY":384},"width":1024,"sublayerTransform":[1,0,0,0,0,1,0,0,0,0,1,0,0,0,0,1],"contentsRect":{"y":0,"x":0,"width":1,"height":1},"opacity":1,"edgeAntialiasingMask":251658240,"height":768,"hidden":false,"anchorPoint":{"pointX":0.5,"pointY":0.5}},"objectID":"0","layers":[{"animations":[],"initialState":{"affineTransform":[1,0,0,1,0,0],"masksToBounds":false,"rotation":0,"scale":1,"position":{"pointX":512,"pointY":384},"width":1024,"sublayerTransform":[1,0,0,0,0,1,0,0,0,0,1,-0.0004922987690640373,0,0,0,1],"contentsRect":{"y":0,"x":0,"width":1,"height":1},"opacity":1,"edgeAntialiasingMask":251658240,"height":768,"hidden":false,"anchorPoint":{"pointX":0.5,"pointY":0.5}},"layers":[{"animations":[],"layers":[],"initialState":{"affineTransform":[1,0,0,1,0,0],"masksToBounds":false,"rotation":0,"scale":1,"position":{"pointX":512,"pointY":384},"width":1024,"sublayerTransform":[1,0,0,0,0,1,0,0,0,0,1,0,0,0,0,1],"contentsRect":{"y":0,"x":0,"width":1,"height":1},"opacity":1,"edgeAntialiasingMask":0,"height":768,"hidden":false,"anchorPoint":{"pointX":0.5,"pointY":0.5}},"texture":"2B5FED41F4D25F4EB4F2D0DE23C0019A"},{"animations":[{"timeOffset":0,"from":{"scalar":false},"beginTime":0,"repeatCount":0,"fillMode":"both","property":"hidden","autoreverses":false,"duration":0.01,"to":{"scalar":true}}],"layers":[],"initialState":{"affineTransform":[1,0,0,1,0,0],"masksToBounds":false,"rotation":0,"scale":1,"position":{"pointX":512,"pointY":384},"width":1024,"sublayerTransform":[1,0,0,0,0,1,0,0,0,0,1,0,0,0,0,1],"contentsRect":{"y":0,"x":0,"width":1,"height":1},"opacity":1,"edgeAntialiasingMask":0,"height":768,"hidden":false,"anchorPoint":{"pointX":0.5,"pointY":0.5}},"texture":"E99A756424CD74881E8A27F6D6864C54"}]}]},"effects":[],"duration":0.01,"type":"transition","name":"none","objectID":"0"}],"automaticPlay":false,"hyperlinks":[],"accessibility":[{"text":"pasted-image.tiff","targetRectangle":{"y":178.2242279052734,"x":320.8540344238281,"width":616.8284912109375,"height":551.96875}},{"text":"Select genes","targetRectangle":{"y":252.5667128562927,"x":38.1806640625,"width":201.6796875,"height":49}},{"text":"(pull-down menu ","targetRectangle":{"y":301.5667128562927,"x":38.1806640625,"width":187.3955078125,"height":32}},{"text":"with choices appears ","targetRectangle":{"y":333.5667128562927,"x":38.1806640625,"width":226.94140625,"height":32}},{"text":"as you start typing)","targetRectangle":{"y":365.5667128562927,"x":38.1806640625,"width":201.474609375,"height":32}},{"text":"Multiple genes can be selected.","targetRectangle":{"y":229.5861842632294,"x":600.6849365234375,"width":255.556640625,"height":24}},{"text":"Start typing a gene symbol, then select genes from the pulldown menu so that they appear in a grey box.","targetRectangle":{"y":253.5861842632294,"x":600.6849365234375,"width":311.435546875,"height":72}},{"text":"File upload","targetRectangle":{"y":591.166687130928,"x":38.1806640625,"width":178.1640625,"height":49}},{"text":"Step 4 - Select Custom Genes ","targetRectangle":{"y":40.00000003973643,"x":93.93284130096436,"width":855.9619140625,"height":86}},{"text":"CSV file with a maximum of 200 species-specific gene symbols in the first column can be uploaded.","targetRectangle":{"y":624.082702755928,"x":600.6849365234375,"width":296.07421875,"height":72}},{"text":"Wildcard search selects all gene symbols starting with the specified characters.","targetRectangle":{"y":441.7327907085419,"x":714.0911865234375,"width":194.4140625,"height":96}},{"text":"Wildcard search","targetRectangle":{"y":426.8667018413544,"x":38.1806640625,"width":154.16015625,"height":98}}],"baseLayer":{"animations":[],"initialState":{"affineTransform":[1,0,0,1,0,0],"masksToBounds":false,"rotation":0,"scale":1,"position":{"pointX":512,"pointY":384},"width":1024,"sublayerTransform":[1,0,0,0,0,1,0,0,0,0,1,0,0,0,0,1],"contentsRect":{"y":0,"x":0,"width":1,"height":1},"opacity":1,"edgeAntialiasingMask":251658240,"height":768,"hidden":false,"anchorPoint":{"pointX":0.5,"pointY":0.5}},"objectID":"0","layers":[{"animations":[],"initialState":{"affineTransform":[1,0,0,1,0,0],"masksToBounds":false,"rotation":0,"scale":1,"position":{"pointX":512,"pointY":384},"width":1024,"sublayerTransform":[1,0,0,0,0,1,0,0,0,0,1,-0.0004922987690640373,0,0,0,1],"contentsRect":{"y":0,"x":0,"width":1,"height":1},"opacity":1,"edgeAntialiasingMask":251658240,"height":768,"hidden":false,"anchorPoint":{"pointX":0.5,"pointY":0.5}},"layers":[{"animations":[],"layers":[],"initialState":{"affineTransform":[1,0,0,1,0,0],"masksToBounds":false,"rotation":0,"scale":1,"position":{"pointX":512,"pointY":384},"width":1024,"sublayerTransform":[1,0,0,0,0,1,0,0,0,0,1,0,0,0,0,1],"contentsRect":{"y":0,"x":0,"width":1,"height":1},"opacity":1,"edgeAntialiasingMask":0,"height":768,"hidden":false,"anchorPoint":{"pointX":0.5,"pointY":0.5}},"texture":"E99A756424CD74881E8A27F6D6864C54"}]}]}}]}