{"assets":{"9AABC7B99170C9A6B8F0545278886B1F":{"type":"texture","index":11,"assetRequest":{"type":"slide","state":"incoming","slide":"513E0B7B-B020-4922-929B-8F372C23BE1B"},"url":{"web":"assets/9AABC7B99170C9A6B8F0545278886B1F.png"},"width":1024,"height":768},"68C5661D0F965C505B371C47A6032B90":{"type":"texture","index":10,"assetRequest":{"type":"slide","state":"outgoing","slide":"DB8023EB-28AF-4E1E-AAF9-38345CED124B"},"url":{"web":"assets/68C5661D0F965C505B371C47A6032B90.png"},"width":1024,"height":768}},"events":[{"effects":[{"beginTime":0,"baseLayer":{"animations":[],"initialState":{"affineTransform":[1,0,0,1,0,0],"masksToBounds":false,"rotation":0,"scale":1,"position":{"pointX":512,"pointY":384},"width":1024,"sublayerTransform":[1,0,0,0,0,1,0,0,0,0,1,0,0,0,0,1],"contentsRect":{"y":0,"x":0,"width":1,"height":1},"opacity":1,"edgeAntialiasingMask":251658240,"height":768,"hidden":false,"anchorPoint":{"pointX":0.5,"pointY":0.5}},"objectID":"0","layers":[{"animations":[],"initialState":{"affineTransform":[1,0,0,1,0,0],"masksToBounds":false,"rotation":0,"scale":1,"position":{"pointX":512,"pointY":384},"width":1024,"sublayerTransform":[1,0,0,0,0,1,0,0,0,0,1,-0.0004922987690640373,0,0,0,1],"contentsRect":{"y":0,"x":0,"width":1,"height":1},"opacity":1,"edgeAntialiasingMask":251658240,"height":768,"hidden":false,"anchorPoint":{"pointX":0.5,"pointY":0.5}},"layers":[{"animations":[],"layers":[],"initialState":{"affineTransform":[1,0,0,1,0,0],"masksToBounds":false,"rotation":0,"scale":1,"position":{"pointX":512,"pointY":384},"width":1024,"sublayerTransform":[1,0,0,0,0,1,0,0,0,0,1,0,0,0,0,1],"contentsRect":{"y":0,"x":0,"width":1,"height":1},"opacity":1,"edgeAntialiasingMask":0,"height":768,"hidden":false,"anchorPoint":{"pointX":0.5,"pointY":0.5}},"texture":"9AABC7B99170C9A6B8F0545278886B1F"},{"animations":[{"timeOffset":0,"from":{"scalar":false},"beginTime":0,"repeatCount":0,"fillMode":"both","property":"hidden","autoreverses":false,"duration":0.01,"to":{"scalar":true}}],"layers":[],"initialState":{"affineTransform":[1,0,0,1,0,0],"masksToBounds":false,"rotation":0,"scale":1,"position":{"pointX":512,"pointY":384},"width":1024,"sublayerTransform":[1,0,0,0,0,1,0,0,0,0,1,0,0,0,0,1],"contentsRect":{"y":0,"x":0,"width":1,"height":1},"opacity":1,"edgeAntialiasingMask":0,"height":768,"hidden":false,"anchorPoint":{"pointX":0.5,"pointY":0.5}},"texture":"68C5661D0F965C505B371C47A6032B90"}]}]},"effects":[],"duration":0.01,"type":"transition","name":"none","objectID":"0"}],"automaticPlay":false,"hyperlinks":[],"accessibility":[{"text":"1. Select genes","targetRectangle":{"y":179.3281581401824,"x":66.31945419311523,"width":231.982320441989,"height":41.62872314453125}},{"text":"(pull-down menu ","targetRectangle":{"y":221.3281581401824,"x":66.31945419311523,"width":231.8629834254144,"height":33.70828247070312}},{"text":"with choices appears ","targetRectangle":{"y":255.3281581401824,"x":66.31945419311523,"width":268.8861878453038,"height":33.70828247070312}},{"text":"as you start typing)","targetRectangle":{"y":289.3281581401824,"x":66.31945419311523,"width":249.5845303867403,"height":33.70828247070312}},{"text":"2. Select alpha","targetRectangle":{"y":354.2968103090923,"x":66.81945419311523,"width":228.3933701657459,"height":41.62872314453125}},{"text":"Multiple genes can be selected.","targetRectangle":{"y":191.1823008060456,"x":636.4841351509089,"width":255.556640625,"height":24}},{"text":"Start typing a gene symbol, then select genes from the pulldown menu so that they appear in a grey box","targetRectangle":{"y":215.1823008060456,"x":636.4841351509089,"width":233.28125,"height":95.99999999999997}},{"text":"Only comparisons below the selected alpha level will be considered significant.","targetRectangle":{"y":328.8899836540224,"x":635.9841350714366,"width":235.615234375,"height":72}},{"text":"pasted-image.tiff","targetRectangle":{"y":631.3733444213867,"x":535.3289308746662,"width":372,"height":93.1875}},{"text":"3. Scan GEO studies ","targetRectangle":{"y":451.1948041915894,"x":66.3194580078125,"width":338.289502762431,"height":41.62872314453125}},{"text":"for differential expression of selected genes ","targetRectangle":{"y":493.1948041915894,"x":66.3194580078125,"width":262.921546961326,"height":125.6287231445312}},{"text":"(a progress bar will appear in the lower right while scan is running)","targetRectangle":{"y":619.1948041915894,"x":66.3194580078125,"width":350.371270718232,"height":101.7082824707031}},{"text":"Step 3 - Scan Selected Genes ","targetRectangle":{"y":40.00000003973643,"x":100.8713178634644,"width":842.0849609375,"height":86}},{"text":"Time estimate for scan","targetRectangle":{"y":560.1779537598292,"x":688.9119803508119,"width":183.73046875,"height":24}},{"text":"pasted-image.tiff","targetRectangle":{"y":166.2173767449957,"x":435.9539308746662,"width":471.375,"height":442.40625}}],"baseLayer":{"animations":[],"initialState":{"affineTransform":[1,0,0,1,0,0],"masksToBounds":false,"rotation":0,"scale":1,"position":{"pointX":512,"pointY":384},"width":1024,"sublayerTransform":[1,0,0,0,0,1,0,0,0,0,1,0,0,0,0,1],"contentsRect":{"y":0,"x":0,"width":1,"height":1},"opacity":1,"edgeAntialiasingMask":251658240,"height":768,"hidden":false,"anchorPoint":{"pointX":0.5,"pointY":0.5}},"objectID":"0","layers":[{"animations":[],"initialState":{"affineTransform":[1,0,0,1,0,0],"masksToBounds":false,"rotation":0,"scale":1,"position":{"pointX":512,"pointY":384},"width":1024,"sublayerTransform":[1,0,0,0,0,1,0,0,0,0,1,-0.0004922987690640373,0,0,0,1],"contentsRect":{"y":0,"x":0,"width":1,"height":1},"opacity":1,"edgeAntialiasingMask":251658240,"height":768,"hidden":false,"anchorPoint":{"pointX":0.5,"pointY":0.5}},"layers":[{"animations":[],"layers":[],"initialState":{"affineTransform":[1,0,0,1,0,0],"masksToBounds":false,"rotation":0,"scale":1,"position":{"pointX":512,"pointY":384},"width":1024,"sublayerTransform":[1,0,0,0,0,1,0,0,0,0,1,0,0,0,0,1],"contentsRect":{"y":0,"x":0,"width":1,"height":1},"opacity":1,"edgeAntialiasingMask":0,"height":768,"hidden":false,"anchorPoint":{"pointX":0.5,"pointY":0.5}},"texture":"68C5661D0F965C505B371C47A6032B90"}]}]}}]}